Running tamarin-prover on IKEv2.spthy...
maude tool: 'maude'
 checking version: 2.7.1. OK.
 checking installation:   solved goal nr. 0 (directly): Attack_suc( ) @ #j
  solved goal nr. 0 (directly): !Ltk( t.1, t.2 ) ▶₀ #i
  solved goal nr. 0 (directly): !PK( t.1, t.2 ) ▶₀ #i
  solved goal nr. 0 (directly): !SharedKey( t.1, t.2, t.3 ) ▶₀ #i
  solved goal nr. 0 (directly): A_1( t.1, t.2, t.3, t.4, t.5 ) ▶₀ #i
  solved goal nr. 2 (directly): !PK( $B.7, pkB.7 ) ▶₃ #vr.6
  solved goal nr. 0 (directly):
    B_1( t.1, t.2, t.3, t.4, t.5, t.6, t.7, t.8 ) ▶₀ #i
  solved goal nr. 2 (directly): !PK( $A.10, pkA.10 ) ▶₃ #vr.9
  solved goal nr. 3 (directly): !Ltk( sk.7, $A.7 ) ▶₄ #vr.6
  solved goal nr. 0 (directly): !KU( ~t.1 ) @ #i
  solved goal nr. 3 (directly): !Ltk( sk.10, $B.10 ) ▶₄ #vr.9
  solved goal nr. 4 (directly): !PK( $B.7, pkB.7 ) ▶₃ #vr.6
  solved goal nr. 5 (directly): !Ltk( sk.7, $A.7 ) ▶₄ #vr.6
  solved goal nr. 0 (directly): !KU( adec(t.1, t.2) ) @ #i
  solved goal nr. 0 (directly): !KU( aenc(t.1, t.2) ) @ #i
  solved goal nr. 4 (directly): !PK( $B.7, pkB.7 ) ▶₃ #vr.6
  solved goal nr. 5 (directly): !Ltk( sk.7, $A.7 ) ▶₄ #vr.6
  solved goal nr. 4 (directly): !PK( $B.7, pkB.7 ) ▶₃ #vr.6
  solved goal nr. 5 (directly): !Ltk( sk.7, $A.7 ) ▶₄ #vr.6
  solved goal nr. 4 (directly): !PK( $A.7, pkA.7 ) ▶₃ #vr.6
  solved goal nr. 5 (directly): !Ltk( sk.7, $B.7 ) ▶₄ #vr.6
  solved goal nr. 4 (directly): !PK( $A.7, pkA.7 ) ▶₃ #vr.6
  solved goal nr. 5 (directly): !Ltk( sk.7, $B.7 ) ▶₄ #vr.6
  solved goal nr. 4 (directly): !PK( $A.7, pkA.7 ) ▶₃ #vr.6
  solved goal nr. 5 (directly): !Ltk( sk.7, $B.7 ) ▶₄ #vr.6
  solved goal nr. 2 (directly):
    B_1( sai.5, Ga.5, ni.5, $A.5, $B.5, sar.5, y.5, nr.5 ) ▶₀ #vr.4
  solved goal nr. 4 (directly): !PK( $A.5, pk(x.12) ) ▶₂ #vr.4
  solved goal nr. 5 (directly): !Ltk( sk.5, $B.5 ) ▶₃ #vr.4
  solved goal nr. 8 (directly): !PK( $A.5, pkA.36 ) ▶₃ #vr.35
  solved goal nr. 9 (directly): !Ltk( sk.36, $B.5 ) ▶₄ #vr.35
  solved goal nr. 0 (directly): !KU( dec(t.1, t.2) ) @ #i
  solved goal nr. 0 (directly): !KU( enc(t.1, t.2) ) @ #i
  solved goal nr. 4 (directly):
    A_1( sai.10, x.10, ni.10, $A.10, $B.10 ) ▶₀ #vr.9
  solved goal nr. 0 (directly): !KU( t.1^t.2 ) @ #i
  solved goal nr. 0 (directly): !KU( fst(t.1) ) @ #i
  solved goal nr. 0 (directly): !KU( pk(t.1) ) @ #i
  solved goal nr. 0 (directly): !KU( prefix(t.1) ) @ #i
  solved goal nr. 0 (directly): !KU( sign(t.1, t.2) ) @ #i
  solved goal nr. 0 (directly): !KU( snd(t.1) ) @ #i
  solved goal nr. 0 (directly): !KU( up(t.1) ) @ #i
  solved goal nr. 0 (directly): !KU( verify(t.1, t.2, t.3) ) @ #i
  solved goal nr. 4 (directly):
    A_1( sai.10, x.10, ni.10, $A.10, $B.10 ) ▶₀ #vr.9
  solved goal nr. 4 (directly):
    A_1( sai.7, x.7, ni.7, $A.7, $B.7 ) ▶₀ #vr.6
  solved goal nr. 4 (directly): !PK( $B.10, pkB.10 ) ▶₃ #vr.9
  solved goal nr. 10 (directly): !PK( $B.7, pkB.7 ) ▶₂ #vr.6
  solved goal nr. 5 (directly): !Ltk( sk.10, $A.10 ) ▶₄ #vr.9
  solved goal nr. 11 (directly): !Ltk( sk.7, $A.7 ) ▶₃ #vr.6
  solved goal nr. 19 (directly): !PK( $B.7, pkB.22 ) ▶₃ #vr.21
  solved goal nr. 20 (directly): !Ltk( sk.22, $A.7 ) ▶₄ #vr.21
  solved goal nr. 4 (directly): !PK( $B.10, pkB.10 ) ▶₃ #vr.9
  solved goal nr. 5 (directly): !Ltk( sk.10, $A.10 ) ▶₄ #vr.9
  solved goal nr. 4 (directly): !PK( $A.10, pkA.10 ) ▶₃ #vr.9
  solved goal nr. 5 (directly): !Ltk( sk.10, $B.10 ) ▶₄ #vr.9
  solved goal nr. 4 (directly): !PK( $B.10, pkB.10 ) ▶₃ #vr.9
  solved goal nr. 5 (directly): !Ltk( sk.10, $A.10 ) ▶₄ #vr.9
  solved goal nr. 4 (directly): !PK( $B.10, pkB.10 ) ▶₃ #vr.9
  solved goal nr. 5 (directly): !Ltk( sk.10, $A.10 ) ▶₄ #vr.9
  solved goal nr. 4 (directly): !PK( $A.10, pkA.10 ) ▶₃ #vr.9
  solved goal nr. 5 (directly): !Ltk( sk.10, $B.10 ) ▶₄ #vr.9
  solved goal nr. 4 (directly): !PK( $B.10, pkB.10 ) ▶₃ #vr.9
  solved goal nr. 5 (directly): !Ltk( sk.10, $A.10 ) ▶₄ #vr.9
  solved goal nr. 4 (directly):
    A_1( sai.10, x.10, ni.10, $A.10, $B.10 ) ▶₀ #vr.9
  solved goal nr. 10 (directly): !PK( $B.10, pkB.10 ) ▶₂ #vr.9
  solved goal nr. 11 (directly): !Ltk( sk.10, $A.10 ) ▶₃ #vr.9
  solved goal nr. 13 (directly): !PK( $B.10, pkB.19 ) ▶₃ #vr.18
  solved goal nr. 14 (directly): !Ltk( sk.19, $A.10 ) ▶₄ #vr.18
  solved goal nr. 4 (directly): !PK( $B.10, pkB.10 ) ▶₃ #vr.9
  solved goal nr. 5 (directly): !Ltk( sk.10, $A.10 ) ▶₄ #vr.9
  solved goal nr. 4 (directly): !PK( $A.10, pkA.10 ) ▶₃ #vr.9
  solved goal nr. 5 (directly): !Ltk( sk.10, $B.10 ) ▶₄ #vr.9
  solved goal nr. 4 (directly):
    A_1( sai.10, x.10, ni.10, $A.10, $B.10 ) ▶₀ #vr.9
  solved goal nr. 4 (directly): !PK( $A.10, pkA.10 ) ▶₃ #vr.9
  solved goal nr. 5 (directly): !Ltk( sk.10, $B.10 ) ▶₄ #vr.9
  solved goal nr. 4 (directly): !PK( $A.10, pkA.10 ) ▶₃ #vr.9
  solved goal nr. 5 (directly): !Ltk( sk.10, $B.10 ) ▶₄ #vr.9
  solved goal nr. 4 (directly):
    A_1( sai.10, x.10, ni.10, $A.10, $B.10 ) ▶₀ #vr.9
  solved goal nr. 10 (directly): !PK( $B.10, pkB.10 ) ▶₂ #vr.9
  solved goal nr. 11 (directly): !Ltk( sk.10, $A.10 ) ▶₃ #vr.9
  solved goal nr. 25 (directly): !PK( $B.10, pkB.31 ) ▶₃ #vr.30
  solved goal nr. 26 (directly): !Ltk( sk.31, $A.10 ) ▶₄ #vr.30
  solved goal nr. 4 (directly): !PK( $A.10, pkA.10 ) ▶₃ #vr.9
  solved goal nr. 5 (directly): !Ltk( sk.10, $B.10 ) ▶₄ #vr.9
  solved goal nr. 4 (directly):
    A_1( sai.10, x.10, ni.10, $A.10, $B.10 ) ▶₀ #vr.9
  solved goal nr. 10 (directly): !PK( $B.10, pkB.10 ) ▶₂ #vr.9
  solved goal nr. 11 (directly): !Ltk( sk.10, $A.10 ) ▶₃ #vr.9
  solved goal nr. 23 (directly): !PK( $B.10, pkB.28 ) ▶₃ #vr.27
  solved goal nr. 24 (directly): !Ltk( sk.28, $A.10 ) ▶₄ #vr.27
  solved goal nr. 4 (directly):
    A_1( sai.7, x.7, ni.7, $A.7, $B.7 ) ▶₀ #vr.6
  solved goal nr. 10 (directly): !PK( $B.7, pkB.7 ) ▶₂ #vr.6
  solved goal nr. 11 (directly): !Ltk( t.1, $A.7 ) ▶₃ #vr.6
  solved goal nr. 23 (directly): !PK( $B.7, pkB.28 ) ▶₃ #vr.27
  solved goal nr. 24 (directly): !Ltk( sk.28, $A.7 ) ▶₄ #vr.27
  solved goal nr. 4 (directly):
    A_1( sai.7, x.7, ni.7, $A.7, $B.7 ) ▶₀ #vr.6
  solved goal nr. 4 (directly):
    A_1( sai.10, x.10, ni.10, $A.10, $B.10 ) ▶₀ #vr.9
  solved goal nr. 10 (directly): !PK( $B.10, pkB.10 ) ▶₂ #vr.9
  solved goal nr. 11 (directly): !Ltk( sk.10, $A.10 ) ▶₃ #vr.9
  solved goal nr. 30 (directly): !PK( $B.10, pkB.34 ) ▶₃ #vr.33
  solved goal nr. 31 (directly): !Ltk( sk.34, $A.10 ) ▶₄ #vr.33
  solved goal nr. 4 (directly):
    A_1( sai.10, x.10, ni.10, $A.10, $B.10 ) ▶₀ #vr.9
  solved goal nr. 4 (directly):
    A_1( sai.10, x.10, ni.10, $A.10, $B.10 ) ▶₀ #vr.9
  solved goal nr. 10 (directly): !PK( $B.10, pkB.10 ) ▶₂ #vr.9
  solved goal nr. 11 (directly): !Ltk( sk.10, $A.10 ) ▶₃ #vr.9
  solved goal nr. 25 (directly): !PK( $B.10, pkB.30 ) ▶₃ #vr.29
  solved goal nr. 26 (directly): !Ltk( sk.30, $A.10 ) ▶₄ #vr.29
  solved goal nr. 4 (directly):
    A_1( sai.7, x.7, ni.7, $A.7, $B.7 ) ▶₀ #vr.6
  solved goal nr. 4 (directly):
    A_1( sai.10, x.10, ni.10, $A.10, $B.10 ) ▶₀ #vr.9
  solved goal nr. 10 (directly): !PK( $B.10, pkB.10 ) ▶₂ #vr.9
  solved goal nr. 11 (directly): !Ltk( t.2, $A.10 ) ▶₃ #vr.9
  solved goal nr. 21 (directly): !PK( $B.10, pkB.28 ) ▶₃ #vr.27
  solved goal nr. 22 (directly): !Ltk( sk.28, $A.10 ) ▶₄ #vr.27
  solved goal nr. 4 (directly):
    A_1( sai.10, x.10, ni.10, $A.10, $B.10 ) ▶₀ #vr.9
  solved goal nr. 10 (directly): !PK( $B.10, pkB.10 ) ▶₂ #vr.9
  solved goal nr. 11 (directly): !Ltk( sk.10, $A.10 ) ▶₃ #vr.9
  solved goal nr. 21 (directly): !PK( $B.10, pkB.25 ) ▶₃ #vr.24
  solved goal nr. 22 (directly): !Ltk( sk.25, $A.10 ) ▶₄ #vr.24
  solved goal nr. 4 (directly):
    A_1( sai.10, x.10, ni.10, $A.10, $B.10 ) ▶₀ #vr.9
  solved goal nr. 10 (directly): !PK( $B.10, pkB.10 ) ▶₂ #vr.9
  solved goal nr. 11 (directly): !Ltk( sk.10, $A.10 ) ▶₃ #vr.9
  solved goal nr. 30 (directly): !PK( $B.10, pkB.34 ) ▶₃ #vr.33
  solved goal nr. 31 (directly): !Ltk( sk.34, $A.10 ) ▶₄ #vr.33
  solved goal nr. 4 (directly):
    A_1( sai.7, x.7, ni.7, $A.7, $B.7 ) ▶₀ #vr.6
  solved goal nr. 4 (directly):
    A_1( sai.10, x.10, ni.10, $A.10, $B.10 ) ▶₀ #vr.9
  solved goal nr. 4 (directly):
    A_1( sai.7, x.7, ni.7, $A.7, $B.7 ) ▶₀ #vr.6
  solved goal nr. 10 (directly): !PK( $B.10, pkB.10 ) ▶₂ #vr.9
  solved goal nr. 11 (directly): !Ltk( sk.10, $A.10 ) ▶₃ #vr.9
  solved goal nr. 28 (directly): !PK( $B.10, pkB.31 ) ▶₃ #vr.30
  solved goal nr. 29 (directly): !Ltk( sk.31, $A.10 ) ▶₄ #vr.30
  solved goal nr. 4 (directly):
    A_1( sai.10, x.10, ni.10, $A.10, $B.10 ) ▶₀ #vr.9
  solved goal nr. 4 (directly):
    A_1( sai.13, x.13, ni.13, $A.13, $B.13 ) ▶₀ #vr.12
  solved goal nr. 10 (directly): !PK( $B.10, pkB.10 ) ▶₂ #vr.9
  solved goal nr. 11 (directly): !Ltk( sk.10, $A.10 ) ▶₃ #vr.9
  solved goal nr. 35 (directly): !PK( $B.10, pkB.37 ) ▶₃ #vr.36
  solved goal nr. 36 (directly): !Ltk( sk.37, $A.10 ) ▶₄ #vr.36
  solved goal nr. 4 (directly):
    A_1( sai.10, x.10, ni.10, $A.10, $B.10 ) ▶₀ #vr.9
  solved goal nr. 10 (directly): !PK( $B.10, pkB.10 ) ▶₂ #vr.9
  solved goal nr. 11 (directly): !Ltk( sk.10, $A.10 ) ▶₃ #vr.9
  solved goal nr. 30 (directly): !PK( $B.10, pkB.33 ) ▶₃ #vr.32
  solved goal nr. 31 (directly): !Ltk( sk.33, $A.10 ) ▶₄ #vr.32
  solved goal nr. 4 (directly):
    A_1( sai.10, x.10, ni.10, $A.10, $B.10 ) ▶₀ #vr.9
  solved goal nr. 10 (directly): !PK( $B.10, pkB.10 ) ▶₂ #vr.9
  solved goal nr. 11 (directly): !Ltk( sk.10, $A.10 ) ▶₃ #vr.9
  solved goal nr. 23 (directly): !PK( $B.10, pkB.27 ) ▶₃ #vr.26
  solved goal nr. 24 (directly): !Ltk( sk.27, $A.10 ) ▶₄ #vr.26
  solved goal nr. 4 (directly):
    A_1( sai.10, x.10, ni.10, $A.10, $B.10 ) ▶₀ #vr.9
  solved goal nr. 10 (directly): !PK( $B.10, pkB.10 ) ▶₂ #vr.9
  solved goal nr. 11 (directly): !Ltk( sk.10, $A.10 ) ▶₃ #vr.9
  solved goal nr. 30 (directly): !PK( $B.10, pkB.33 ) ▶₃ #vr.32
  solved goal nr. 31 (directly): !Ltk( sk.33, $A.10 ) ▶₄ #vr.32
  solved goal nr. 4 (directly):
    A_1( sai.10, x.10, ni.10, $A.10, $B.10 ) ▶₀ #vr.9
  solved goal nr. 10 (directly): !PK( $B.10, pkB.10 ) ▶₂ #vr.9
  solved goal nr. 11 (directly): !Ltk( sk.10, $A.10 ) ▶₃ #vr.9
  solved goal nr. 25 (directly): !PK( $B.10, pkB.29 ) ▶₃ #vr.28
  solved goal nr. 26 (directly): !Ltk( sk.29, $A.10 ) ▶₄ #vr.28
  solved goal nr. 4 (directly):
    A_1( sai.10, x.10, ni.10, $A.10, $B.10 ) ▶₀ #vr.9
  solved goal nr. 4 (directly):
    A_1( sai.10, x.10, ni.10, $A.10, $B.10 ) ▶₀ #vr.9
  solved goal nr. 10 (directly): !PK( $B.10, pkB.10 ) ▶₂ #vr.9
  solved goal nr. 11 (directly): !Ltk( sk.10, $A.10 ) ▶₃ #vr.9
  solved goal nr. 15 (directly): !PK( $B.10, pkB.21 ) ▶₃ #vr.20
  solved goal nr. 16 (directly): !Ltk( sk.21, $A.10 ) ▶₄ #vr.20
  solved goal nr. 4 (directly):
    A_1( sai.10, x.10, ni.10, $A.10, $B.10 ) ▶₀ #vr.9
  solved goal nr. 10 (directly): !PK( $B.10, pkB.10 ) ▶₂ #vr.9
  solved goal nr. 11 (directly): !Ltk( sk.10, $A.10 ) ▶₃ #vr.9
  solved goal nr. 25 (directly): !PK( $B.10, pkB.30 ) ▶₃ #vr.29
  solved goal nr. 26 (directly): !Ltk( sk.30, $A.10 ) ▶₄ #vr.29
  solved goal nr. 4 (directly):
    A_1( sai.10, x.10, ni.10, $A.10, $B.10 ) ▶₀ #vr.9
  solved goal nr. 10 (directly): !PK( $B.10, pkB.10 ) ▶₂ #vr.9
  solved goal nr. 11 (directly): !Ltk( sk.10, $A.10 ) ▶₃ #vr.9
  solved goal nr. 23 (directly): !PK( $B.10, pkB.27 ) ▶₃ #vr.26
  solved goal nr. 24 (directly): !Ltk( sk.27, $A.10 ) ▶₄ #vr.26
  solved goal nr. 4 (directly):
    A_1( sai.10, x.10, ni.10, $A.10, $B.10 ) ▶₀ #vr.9
  solved goal nr. 10 (directly): !PK( $B.10, pkB.10 ) ▶₂ #vr.9
  solved goal nr. 11 (directly): !Ltk( sk.10, $A.10 ) ▶₃ #vr.9
  solved goal nr. 30 (directly): !PK( $B.10, pkB.33 ) ▶₃ #vr.32
  solved goal nr. 31 (directly): !Ltk( sk.33, $A.10 ) ▶₄ #vr.32
  solved goal nr. 4 (directly):
    A_1( sai.10, x.10, ni.10, $A.10, $B.10 ) ▶₀ #vr.9
  solved goal nr. 10 (directly): !PK( $B.10, pkB.10 ) ▶₂ #vr.9
  solved goal nr. 11 (directly): !Ltk( sk.10, $A.10 ) ▶₃ #vr.9
  solved goal nr. 25 (directly): !PK( $B.10, pkB.29 ) ▶₃ #vr.28
  solved goal nr. 26 (directly): !Ltk( sk.29, $A.10 ) ▶₄ #vr.28
  solved goal nr. 4 (directly):
    A_1( sai.10, x.10, ni.10, $A.10, $B.10 ) ▶₀ #vr.9
  solved goal nr. 10 (directly): !PK( $B.10, pkB.10 ) ▶₂ #vr.9
  solved goal nr. 11 (directly): !Ltk( sk.10, $A.10 ) ▶₃ #vr.9
  solved goal nr. 17 (directly): !PK( $B.10, pkB.23 ) ▶₃ #vr.22
  solved goal nr. 18 (directly): !Ltk( sk.23, $A.10 ) ▶₄ #vr.22
  solved goal nr. 4 (directly):
    A_1( sai.10, x.10, ni.10, $A.10, $B.10 ) ▶₀ #vr.9
  solved goal nr. 10 (directly): !PK( $B.10, pkB.10 ) ▶₂ #vr.9
  solved goal nr. 11 (directly): !Ltk( sk.10, $A.10 ) ▶₃ #vr.9
  solved goal nr. 25 (directly): !PK( $B.10, pkB.29 ) ▶₃ #vr.28
  solved goal nr. 26 (directly): !Ltk( sk.29, $A.10 ) ▶₄ #vr.28
  solved goal nr. 4 (directly):
    A_1( sai.10, x.10, ni.10, $A.10, $B.10 ) ▶₀ #vr.9
  solved goal nr. 10 (directly): !PK( $B.10, pkB.10 ) ▶₂ #vr.9
  solved goal nr. 11 (directly): !Ltk( sk.10, $A.10 ) ▶₃ #vr.9
  solved goal nr. 19 (directly): !PK( $B.10, pkB.25 ) ▶₃ #vr.24
  solved goal nr. 20 (directly): !Ltk( sk.25, $A.10 ) ▶₄ #vr.24
  solved goal nr. 4 (directly):
    A_1( sai.7, x.7, ni.7, $A.7, $B.7 ) ▶₀ #vr.6
  solved goal nr. 10 (directly): !PK( $B.7, pkB.7 ) ▶₂ #vr.6
  solved goal nr. 11 (directly): !Ltk( t.1, $A.7 ) ▶₃ #vr.6
  solved goal nr. 28 (directly): !PK( $B.7, pkB.31 ) ▶₃ #vr.30
  solved goal nr. 29 (directly): !Ltk( sk.31, $A.7 ) ▶₄ #vr.30
  solved goal nr. 4 (directly):
    A_1( sai.7, x.7, ni.7, $A.7, $B.7 ) ▶₀ #vr.6
  solved goal nr. 10 (directly): !PK( $B.7, pkB.7 ) ▶₂ #vr.6
  solved goal nr. 11 (directly): !Ltk( t.1, $A.7 ) ▶₃ #vr.6
  solved goal nr. 28 (directly): !PK( $B.7, pkB.31 ) ▶₃ #vr.30
  solved goal nr. 29 (directly): !Ltk( sk.31, $A.7 ) ▶₄ #vr.30
  solved goal nr. 4 (directly):
    A_1( sai.7, x.7, ni.7, $A.7, $B.7 ) ▶₀ #vr.6
  solved goal nr. 10 (directly): !PK( $B.7, pkB.7 ) ▶₂ #vr.6
  solved goal nr. 11 (directly): !Ltk( t.1, $A.7 ) ▶₃ #vr.6
  solved goal nr. 33 (directly): !PK( $B.7, pkB.34 ) ▶₃ #vr.33
  solved goal nr. 34 (directly): !Ltk( sk.34, $A.7 ) ▶₄ #vr.33
  solved goal nr. 4 (directly):
    A_1( sai.7, x.7, ni.7, $A.7, $B.7 ) ▶₀ #vr.6
  solved goal nr. 10 (directly): !PK( $B.7, pkB.7 ) ▶₂ #vr.6
  solved goal nr. 11 (directly): !Ltk( t.1, $A.7 ) ▶₃ #vr.6
  solved goal nr. 28 (directly): !PK( $B.7, pkB.30 ) ▶₃ #vr.29
  solved goal nr. 29 (directly): !Ltk( sk.30, $A.7 ) ▶₄ #vr.29
  solved goal nr. 4 (directly):
    A_1( sai.7, x.7, ni.7, $A.7, $B.7 ) ▶₀ #vr.6
  solved goal nr. 4 (directly):
    A_1( sai.7, x.7, ni.7, $A.7, $B.7 ) ▶₀ #vr.6
  solved goal nr. 10 (directly): !PK( $B.7, pkB.7 ) ▶₂ #vr.6
  solved goal nr. 11 (directly): !Ltk( t.1, $A.7 ) ▶₃ #vr.6
  solved goal nr. 23 (directly): !PK( $B.7, pkB.27 ) ▶₃ #vr.26
  solved goal nr. 24 (directly): !Ltk( sk.27, $A.7 ) ▶₄ #vr.26
  solved goal nr. 4 (directly):
    A_1( sai.7, x.7, ni.7, $A.7, $B.7 ) ▶₀ #vr.6
  solved goal nr. 10 (directly): !PK( $B.7, pkB.7 ) ▶₂ #vr.6
  solved goal nr. 11 (directly): !Ltk( t.1, $A.7 ) ▶₃ #vr.6
  solved goal nr. 28 (directly): !PK( $B.7, pkB.30 ) ▶₃ #vr.29
  solved goal nr. 29 (directly): !Ltk( sk.30, $A.7 ) ▶₄ #vr.29
  solved goal nr. 4 (directly):
    A_1( sai.7, x.7, ni.7, $A.7, $B.7 ) ▶₀ #vr.6
  solved goal nr. 10 (directly): !PK( $B.7, pkB.7 ) ▶₂ #vr.6
  solved goal nr. 11 (directly): !Ltk( t.1, $A.7 ) ▶₃ #vr.6
  solved goal nr. 23 (directly): !PK( $B.7, pkB.26 ) ▶₃ #vr.25
  solved goal nr. 24 (directly): !Ltk( sk.26, $A.7 ) ▶₄ #vr.25
  solved goal nr. 4 (directly):
    A_1( sai.10, x.10, ni.10, $A.10, $B.10 ) ▶₀ #vr.9
  solved goal nr. 10 (directly): !PK( $B.10, pkB.10 ) ▶₂ #vr.9
  solved goal nr. 11 (directly): !Ltk( t.2, $A.10 ) ▶₃ #vr.9
  solved goal nr. 26 (directly): !PK( $B.10, pkB.31 ) ▶₃ #vr.30
  solved goal nr. 27 (directly): !Ltk( sk.31, $A.10 ) ▶₄ #vr.30
  solved goal nr. 4 (directly):
    A_1( sai.10, x.10, ni.10, $A.10, $B.10 ) ▶₀ #vr.9
  solved goal nr. 4 (directly):
    A_1( sai.10, x.10, ni.10, $A.10, $B.10 ) ▶₀ #vr.9
  solved goal nr. 10 (directly): !PK( $B.10, pkB.10 ) ▶₂ #vr.9
  solved goal nr. 11 (directly): !Ltk( t.2, $A.10 ) ▶₃ #vr.9
  solved goal nr. 21 (directly): !PK( $B.10, pkB.27 ) ▶₃ #vr.26
  solved goal nr. 22 (directly): !Ltk( sk.27, $A.10 ) ▶₄ #vr.26
  solved goal nr. 4 (precomputed): !SharedKey( $A, $B, kab ) ▶₂ #j
  solved goal nr. 6 (precomputed):
    !KU( enc(<
              <x, 
               sign(up(<up(<ni, ~nr, kab>), Ga, 'g'^~y, pk(~sk), pk(~sk.1)>), ~sk)
              >, 
              sai>,
             kab)
    ) @ #vk.2
  solved goal nr. 24 (precomputed):
    !KU( sign(up(<up(<ni, ~nr, kab>), Ga, 'g'^~y, pk(~sk), pk(~sk.1)>),
              ~sk)
    ) @ #vk.12
  solved goal nr. 5 (precomputed): !KU( enc(m, 'g'^(~x*~y)) ) @ #vk.1
  solved goal nr. 34 (precomputed): !KU( 'g'^(~x*~y) ) @ #vk.13
  solved goal nr. 34 (precomputed): !KU( 'g'^(~y*~x.1) ) @ #vk.13
  solved goal nr. 40 (precomputed): !KU( 'g'^(~x*~y) ) @ #vk.19
  solved goal nr. 44 (directly): splitEqs(2)
  solved goal nr. 41 (precomputed): !KU( 'g'^(~x*~y) ) @ #vk.20
  solved goal nr. 40 (precomputed): !KU( 'g'^(~x*~y) ) @ #vk.19
  solved goal nr. 40 (precomputed): !KU( 'g'^(~x*~y) ) @ #vk.19
  solved goal nr. 42 (precomputed): !KU( 'g'^(~x*~y) ) @ #vk.21
  solved goal nr. 41 (precomputed): !KU( 'g'^(~x*~y) ) @ #vk.20
  solved goal nr. 41 (precomputed): !KU( 'g'^(~x*~y) ) @ #vk.20
  solved goal nr. 41 (precomputed): !KU( 'g'^(~x*~y) ) @ #vk.20
  solved goal nr. 40 (precomputed): !KU( 'g'^(~x*~y) ) @ #vk.19
  solved goal nr. 40 (precomputed): !KU( 'g'^(~y*~x.1) ) @ #vk.19
  solved goal nr. 41 (precomputed): !KU( 'g'^(~x*~y) ) @ #vk.20
  solved goal nr. 44 (directly): splitEqs(2)
  solved goal nr. 40 (precomputed): !KU( 'g'^(~x*~y) ) @ #vk.19
  solved goal nr. 40 (precomputed): !KU( 'g'^(~x*~y) ) @ #vk.19
  solved goal nr. 41 (precomputed): !KU( 'g'^(~x*~y) ) @ #vk.20
  solved goal nr. 44 (directly): splitEqs(2)
  solved goal nr. 40 (precomputed): !KU( 'g'^(~x*~y) ) @ #vk.19
  solved goal nr. 40 (precomputed): !KU( 'g'^(~x*~y) ) @ #vk.19
  solved goal nr. 44 (directly): splitEqs(2)
  solved goal nr. 40 (precomputed): !KU( 'g'^(~x*~y) ) @ #vk.19
  solved goal nr. 39 (precomputed): !KU( 'g'^(~x*~y) ) @ #vk.18
  solved goal nr. 34 (precomputed): !KU( 'g'^(~x*~y) ) @ #vk.13
  solved goal nr. 39 (precomputed): !KU( 'g'^(~x*~y.1) ) @ #vk.18
  solved goal nr. 35 (precomputed): !KU( 'g'^(~x*~y) ) @ #vk.13
  solved goal nr. 40 (precomputed): !KU( ~y ) @ #vk.15
  solved goal nr. 39 (precomputed): !KU( ~y ) @ #vk.14
  solved goal nr. 44 (precomputed): !KU( ~x ) @ #vk.14
  solved goal nr. 45 (precomputed): !KU( ~x ) @ #vk.15
  solved goal nr. 41 (precomputed): !KU( ~x ) @ #vk.16
  solved goal nr. 39 (precomputed): !KU( ~y ) @ #vk.14
  solved goal nr. 40 (precomputed): !KU( ~y ) @ #vk.15
  solved goal nr. 45 (precomputed): !KU( ~x.1 ) @ #vk.15
  solved goal nr. 44 (precomputed): !KU( ~x.1 ) @ #vk.14
  solved goal nr. 41 (precomputed): !KU( ~y ) @ #vk.16
  solved goal nr. 50 (precomputed):
    !KU( sign(up(<up(<~ni, ~nr, 'g'^(~x*~y)>), 'g'^~x, 'g'^~y, 
                  pk(~sk), pk(~sk.1)>),
              ~sk)
    ) @ #vk.16
  solved goal nr. 50 (precomputed):
    !KU( sign(up(<up(<~ni, nr, 'g'^(~x*~y)>), 'g'^~x.1, 
                  'g'^(~x*~y*inv(~x.1)), pk(~sk), pk(~sk.1)>),
              ~sk)
    ) @ #vk.22
  solved goal nr. 60 (precomputed): !KU( 'g'^(~x*~y) ) @ #vk.17
  solved goal nr. 60 (precomputed): !KU( 'g'^(~x*~y) ) @ #vk.17
  solved goal nr. 56 (precomputed): !KU( ~sk ) @ #vk.18
  solved goal nr. 60 (precomputed): !KU( 'g'^(~x*~y) ) @ #vk.17
  solved goal nr. 73 (precomputed): !KU( ~x ) @ #vk.18
  solved goal nr. 69 (precomputed): !KU( ~y ) @ #vk.19
  solved goal nr. 74 (precomputed): !KU( ~x ) @ #vk.19
  solved goal nr. 68 (precomputed): !KU( ~y ) @ #vk.18
  solved goal nr. 70 (precomputed): !KU( ~x ) @ #vk.20
  solved goal nr. 74 (precomputed): !KU( ~x ) @ #vk.19
  solved goal nr. 70 (precomputed): !KU( ~y ) @ #vk.20
  solved goal nr. 69 (precomputed): !KU( ~y ) @ #vk.19
  solved goal nr. 75 (precomputed): !KU( ~x ) @ #vk.20
  solved goal nr. 71 (precomputed): !KU( ~x ) @ #vk.21
  solved goal nr. 73 (precomputed): !KU( ~x ) @ #vk.18
  solved goal nr. 69 (precomputed): !KU( ~y ) @ #vk.19
  solved goal nr. 68 (precomputed): !KU( ~y ) @ #vk.18
  solved goal nr. 74 (precomputed): !KU( ~x ) @ #vk.19
  solved goal nr. 70 (precomputed): !KU( ~x ) @ #vk.20
  solved goal nr. 37 (precomputed):
    !KU( 'g'^(~x*~y*inv(~x.1)) ) @ #vk.17
  solved goal nr. 37 (precomputed):
    !KU( 'g'^(~x*~y*inv(~x.1)) ) @ #vk.17
  solved goal nr. 37 (precomputed):
    !KU( 'g'^(~x*~y*inv(~x.1)) ) @ #vk.17
  solved goal nr. 54 (precomputed): !KU( ~sk ) @ #vk.25
  solved goal nr. 72 (precomputed): !KU( ~x ) @ #vk.26
  solved goal nr. 73 (precomputed): !KU( ~x ) @ #vk.27
  solved goal nr. 68 (precomputed): !KU( ~y ) @ #vk.27
  solved goal nr. 67 (precomputed): !KU( ~y ) @ #vk.26
  solved goal nr. 68 (precomputed): !KU( ~x ) @ #vk.27
  solved goal nr. 69 (precomputed): !KU( ~y ) @ #vk.28
  solved goal nr. 68 (precomputed): !KU( ~y ) @ #vk.27
  solved goal nr. 73 (precomputed): !KU( ~x ) @ #vk.27
  solved goal nr. 74 (precomputed): !KU( ~x ) @ #vk.28
  solved goal nr. 69 (precomputed): !KU( ~x ) @ #vk.28
  solved goal nr. 67 (precomputed): !KU( ~y ) @ #vk.26
  solved goal nr. 68 (precomputed): !KU( ~y ) @ #vk.27
  solved goal nr. 72 (precomputed): !KU( ~x ) @ #vk.26
  solved goal nr. 73 (precomputed): !KU( ~x ) @ #vk.27
  solved goal nr. 68 (precomputed): !KU( ~x ) @ #vk.27
  solved goal nr. 54 (precomputed): !KU( ~x ) @ #vk.20
  solved goal nr. 50 (precomputed): !KU( ~y ) @ #vk.21
  solved goal nr. 49 (precomputed): !KU( ~y ) @ #vk.20
  solved goal nr. 55 (precomputed): !KU( ~x ) @ #vk.21
  solved goal nr. 51 (precomputed): !KU( ~x ) @ #vk.22
  solved goal nr. 52 (precomputed): !KU( ~y ) @ #vk.23
  solved goal nr. 56 (precomputed): !KU( ~x ) @ #vk.22
  solved goal nr. 57 (precomputed): !KU( ~x ) @ #vk.23
  solved goal nr. 51 (precomputed): !KU( ~y ) @ #vk.22
  solved goal nr. 53 (precomputed): !KU( ~x ) @ #vk.24
  solved goal nr. 55 (precomputed): !KU( ~x ) @ #vk.21
  solved goal nr. 51 (precomputed): !KU( ~y ) @ #vk.22
  solved goal nr. 50 (precomputed): !KU( ~y ) @ #vk.21
  solved goal nr. 56 (precomputed): !KU( ~x ) @ #vk.22
  solved goal nr. 52 (precomputed): !KU( ~x ) @ #vk.23
  solved goal nr. 49 (precomputed): !KU( ~y ) @ #vk.20
  solved goal nr. 50 (precomputed): !KU( ~y ) @ #vk.21
  solved goal nr. 55 (precomputed): !KU( ~x ) @ #vk.21
  solved goal nr. 54 (precomputed): !KU( ~x ) @ #vk.20
  solved goal nr. 51 (precomputed): !KU( ~x ) @ #vk.22
  solved goal nr. 53 (precomputed): !KU( ~y ) @ #vk.24
  solved goal nr. 58 (precomputed): !KU( ~x.1 ) @ #vk.24
  solved goal nr. 59 (precomputed): !KU( ~x.1 ) @ #vk.25
  solved goal nr. 54 (precomputed): !KU( ~y ) @ #vk.25
  solved goal nr. 55 (precomputed): !KU( ~y ) @ #vk.26
  solved goal nr. 55 (precomputed): !KU( ~x ) @ #vk.21
  solved goal nr. 51 (precomputed): !KU( ~y ) @ #vk.22
  solved goal nr. 50 (precomputed): !KU( ~y ) @ #vk.21
  solved goal nr. 56 (precomputed): !KU( ~x ) @ #vk.22
  solved goal nr. 52 (precomputed): !KU( ~x ) @ #vk.23
  solved goal nr. 57 (precomputed): !KU( ~x ) @ #vk.23
  solved goal nr. 58 (precomputed): !KU( ~x ) @ #vk.24
  solved goal nr. 53 (precomputed): !KU( ~y ) @ #vk.24
  solved goal nr. 52 (precomputed): !KU( ~y ) @ #vk.23
  solved goal nr. 54 (precomputed): !KU( ~x ) @ #vk.25
  solved goal nr. 56 (precomputed): !KU( ~x ) @ #vk.22
  solved goal nr. 51 (precomputed): !KU( ~y ) @ #vk.22
  solved goal nr. 57 (precomputed): !KU( ~x ) @ #vk.23
  solved goal nr. 52 (precomputed): !KU( ~y ) @ #vk.23
  solved goal nr. 53 (precomputed): !KU( ~x ) @ #vk.24
  solved goal nr. 56 (precomputed): !KU( ~x ) @ #vk.22
  solved goal nr. 51 (precomputed): !KU( ~y ) @ #vk.22
  solved goal nr. 55 (precomputed): !KU( ~x ) @ #vk.21
  solved goal nr. 50 (precomputed): !KU( ~y ) @ #vk.21
  solved goal nr. 52 (precomputed): !KU( ~x ) @ #vk.23
  solved goal nr. 56 (precomputed): !KU( ~x ) @ #vk.22
  solved goal nr. 57 (precomputed): !KU( ~x ) @ #vk.23
  solved goal nr. 52 (precomputed): !KU( ~y ) @ #vk.23
  solved goal nr. 51 (precomputed): !KU( ~y ) @ #vk.22
  solved goal nr. 53 (precomputed): !KU( ~x ) @ #vk.24
  solved goal nr. 51 (precomputed): !KU( ~y ) @ #vk.22
  solved goal nr. 55 (precomputed): !KU( ~x ) @ #vk.21
  solved goal nr. 56 (precomputed): !KU( ~x ) @ #vk.22
  solved goal nr. 50 (precomputed): !KU( ~y ) @ #vk.21
  solved goal nr. 52 (precomputed): !KU( ~x ) @ #vk.23
  solved goal nr. 54 (precomputed): !KU( ~x ) @ #vk.20
  solved goal nr. 50 (precomputed): !KU( ~y ) @ #vk.21
  solved goal nr. 49 (precomputed): !KU( ~y ) @ #vk.20
  solved goal nr. 55 (precomputed): !KU( ~x ) @ #vk.21
  solved goal nr. 51 (precomputed): !KU( ~x ) @ #vk.22
  solved goal nr. 49 (precomputed):
    !KU( sign(up(<up(<~ni, ~nr, 'g'^(~x*~y)>), 'g'^~x, 'g'^~y, 
                  pk(~sk), pk(~sk.1)>),
              ~sk)
    ) @ #vk.16
  solved goal nr. 49 (precomputed):
    !KU( sign(up(<up(<~ni, nr, 'g'^(~x*~y)>), 'g'^~x.1, 
                  'g'^(~x*~y*inv(~x.1)), pk(~sk), pk(~sk.1)>),
              ~sk)
    ) @ #vk.21
  solved goal nr. 54 (precomputed): !KU( ~sk ) @ #vk.18
  solved goal nr. 58 (precomputed): !KU( 'g'^(~x*~y) ) @ #vk.17
  solved goal nr. 58 (precomputed): !KU( 'g'^(~x*~y) ) @ #vk.17
  solved goal nr. 58 (precomputed): !KU( 'g'^(~x*~y) ) @ #vk.17
  solved goal nr. 67 (precomputed): !KU( ~y ) @ #vk.19
  solved goal nr. 71 (precomputed): !KU( ~x ) @ #vk.18
  solved goal nr. 72 (precomputed): !KU( ~x ) @ #vk.19
  solved goal nr. 66 (precomputed): !KU( ~y ) @ #vk.18
  solved goal nr. 68 (precomputed): !KU( ~x ) @ #vk.20
  solved goal nr. 68 (precomputed): !KU( ~y ) @ #vk.20
  solved goal nr. 72 (precomputed): !KU( ~x ) @ #vk.19
  solved goal nr. 73 (precomputed): !KU( ~x ) @ #vk.20
  solved goal nr. 67 (precomputed): !KU( ~y ) @ #vk.19
  solved goal nr. 69 (precomputed): !KU( ~x ) @ #vk.21
  solved goal nr. 67 (precomputed): !KU( ~y ) @ #vk.19
  solved goal nr. 71 (precomputed): !KU( ~x ) @ #vk.18
  solved goal nr. 72 (precomputed): !KU( ~x ) @ #vk.19
  solved goal nr. 66 (precomputed): !KU( ~y ) @ #vk.18
  solved goal nr. 68 (precomputed): !KU( ~x ) @ #vk.20
  solved goal nr. 37 (precomputed):
    !KU( 'g'^(~x*~y*inv(~x.1)) ) @ #vk.17
  solved goal nr. 37 (precomputed):
    !KU( 'g'^(~x*~y*inv(~x.1)) ) @ #vk.17
  solved goal nr. 37 (precomputed):
    !KU( 'g'^(~x*~y*inv(~x.1)) ) @ #vk.17
  solved goal nr. 52 (precomputed): !KU( ~sk ) @ #vk.23
  solved goal nr. 65 (precomputed): !KU( ~y ) @ #vk.24
  solved goal nr. 70 (precomputed): !KU( ~x ) @ #vk.24
  solved goal nr. 66 (precomputed): !KU( ~y ) @ #vk.25
  solved goal nr. 71 (precomputed): !KU( ~x ) @ #vk.25
  solved goal nr. 66 (precomputed): !KU( ~x ) @ #vk.25
  solved goal nr. 72 (precomputed): !KU( ~x ) @ #vk.26
  solved goal nr. 66 (precomputed): !KU( ~y ) @ #vk.25
  solved goal nr. 67 (precomputed): !KU( ~y ) @ #vk.26
  solved goal nr. 71 (precomputed): !KU( ~x ) @ #vk.25
  solved goal nr. 67 (precomputed): !KU( ~x ) @ #vk.26
  solved goal nr. 70 (precomputed): !KU( ~x ) @ #vk.24
  solved goal nr. 65 (precomputed): !KU( ~y ) @ #vk.24
  solved goal nr. 66 (precomputed): !KU( ~y ) @ #vk.25
  solved goal nr. 71 (precomputed): !KU( ~x ) @ #vk.25
  solved goal nr. 66 (precomputed): !KU( ~x ) @ #vk.25
  solved goal nr. 54 (precomputed): !KU( ~x ) @ #vk.20
  solved goal nr. 49 (precomputed): !KU( ~y ) @ #vk.20
  solved goal nr. 50 (precomputed): !KU( ~y ) @ #vk.21
  solved goal nr. 55 (precomputed): !KU( ~x ) @ #vk.21
  solved goal nr. 51 (precomputed): !KU( ~x ) @ #vk.22
  solved goal nr. 52 (precomputed): !KU( ~y ) @ #vk.23
  solved goal nr. 56 (precomputed): !KU( ~x ) @ #vk.22
  solved goal nr. 51 (precomputed): !KU( ~y ) @ #vk.22
  solved goal nr. 57 (precomputed): !KU( ~x ) @ #vk.23
  solved goal nr. 53 (precomputed): !KU( ~x ) @ #vk.24
  solved goal nr. 56 (precomputed): !KU( ~x ) @ #vk.22
  solved goal nr. 55 (precomputed): !KU( ~x ) @ #vk.21
  solved goal nr. 50 (precomputed): !KU( ~y ) @ #vk.21
  solved goal nr. 51 (precomputed): !KU( ~y ) @ #vk.22
  solved goal nr. 52 (precomputed): !KU( ~x ) @ #vk.23
  solved goal nr. 50 (precomputed): !KU( ~y ) @ #vk.21
  solved goal nr. 49 (precomputed): !KU( ~y ) @ #vk.20
  solved goal nr. 55 (precomputed): !KU( ~x ) @ #vk.21
  solved goal nr. 54 (precomputed): !KU( ~x ) @ #vk.20
  solved goal nr. 51 (precomputed): !KU( ~x ) @ #vk.22
  solved goal nr. 24 (precomputed): !KU( ~nr ) @ #vk.12
  solved goal nr. 37 (precomputed):
    !KU( 'g'^(~x*~y*inv(~x.1)) ) @ #vk.16
  solved goal nr. 30 (precomputed): !KU( ~sai ) @ #vk.5
  solved goal nr. 32 (precomputed): !KU( ~ni ) @ #vk.9
  solved goal nr. 32 (precomputed): !KU( ~ni ) @ #vk.9
  solved goal nr. 23 (precomputed): !KU( 'g'^~y ) @ #vk.12
  solved goal nr. 51 (precomputed): !KU( ~y ) @ #vk.22
  solved goal nr. 50 (precomputed): !KU( ~y ) @ #vk.21
  solved goal nr. 55 (precomputed): !KU( ~x ) @ #vk.21
  solved goal nr. 56 (precomputed): !KU( ~x ) @ #vk.22
  solved goal nr. 51 (precomputed): !KU( ~x ) @ #vk.22
  solved goal nr. 54 (precomputed): !KU( ~x ) @ #vk.20
  solved goal nr. 50 (precomputed): !KU( ~y ) @ #vk.21
  solved goal nr. 49 (precomputed): !KU( ~y ) @ #vk.20
  solved goal nr. 55 (precomputed): !KU( ~x ) @ #vk.21
  solved goal nr. 51 (precomputed): !KU( ~x ) @ #vk.22
  solved goal nr. 24 (precomputed): !KU( ~nr ) @ #vk.12
  solved goal nr. 37 (precomputed):
    !KU( 'g'^(~x*~y*inv(~x.1)) ) @ #vk.16
  solved goal nr. 30 (precomputed): !KU( ~sai ) @ #vk.5
  solved goal nr. 32 (precomputed): !KU( ~ni ) @ #vk.9
  solved goal nr. 32 (precomputed): !KU( ~ni ) @ #vk.9
  solved goal nr. 23 (precomputed): !KU( 'g'^~y ) @ #vk.12
  solved goal nr. 49 (precomputed): !KU( ~y ) @ #vk.20
  solved goal nr. 48 (precomputed): !KU( ~y ) @ #vk.19
  solved goal nr. 53 (precomputed): !KU( ~x ) @ #vk.19
  solved goal nr. 54 (precomputed): !KU( ~x ) @ #vk.20
  solved goal nr. 49 (precomputed): !KU( ~x ) @ #vk.20
  solved goal nr. 45 (precomputed): !KU( ~y ) @ #vk.20
  solved goal nr. 49 (precomputed): !KU( ~x ) @ #vk.19
  solved goal nr. 50 (precomputed): !KU( ~x ) @ #vk.20
  solved goal nr. 44 (precomputed): !KU( ~y ) @ #vk.19
  solved goal nr. 46 (precomputed): !KU( ~x ) @ #vk.21
  solved goal nr. 49 (precomputed): !KU( ~x ) @ #vk.19
  solved goal nr. 50 (precomputed): !KU( ~x ) @ #vk.20
  solved goal nr. 45 (precomputed): !KU( ~y.1 ) @ #vk.20
  solved goal nr. 44 (precomputed): !KU( ~y.1 ) @ #vk.19
  solved goal nr. 46 (precomputed): !KU( ~x ) @ #vk.21
  solved goal nr. 42 (precomputed): !KU( ~x ) @ #vk.14
  solved goal nr. 37 (precomputed): !KU( ~y ) @ #vk.14
  solved goal nr. 38 (precomputed): !KU( ~y ) @ #vk.15
  solved goal nr. 43 (precomputed): !KU( ~x ) @ #vk.15
  solved goal nr. 39 (precomputed): !KU( ~x ) @ #vk.16
  solved goal nr. 37 (precomputed): !KU( ~y ) @ #vk.14
  solved goal nr. 42 (precomputed): !KU( ~x ) @ #vk.14
  solved goal nr. 38 (precomputed): !KU( ~y ) @ #vk.15
  solved goal nr. 43 (precomputed): !KU( ~x ) @ #vk.15
  solved goal nr. 39 (precomputed): !KU( ~x ) @ #vk.16
  solved goal nr. 28 (precomputed): !KU( ~sk ) @ #vk.14
  solved goal nr. 32 (precomputed): !KU( 'g'^(~x*~y) ) @ #vk.10
  solved goal nr. 32 (precomputed): !KU( 'g'^(~x*~y) ) @ #vk.10
  solved goal nr. 32 (precomputed): !KU( 'g'^(~x*~y) ) @ #vk.10
  solved goal nr. 43 (precomputed): !KU( ~y ) @ #vk.19
  solved goal nr. 47 (precomputed): !KU( ~x ) @ #vk.18
  solved goal nr. 42 (precomputed): !KU( ~y ) @ #vk.18
  solved goal nr. 48 (precomputed): !KU( ~x ) @ #vk.19
  solved goal nr. 44 (precomputed): !KU( ~x ) @ #vk.20
  solved goal nr. 44 (precomputed): !KU( ~y ) @ #vk.20
  solved goal nr. 49 (precomputed): !KU( ~x ) @ #vk.20
  solved goal nr. 48 (precomputed): !KU( ~x ) @ #vk.19
  solved goal nr. 43 (precomputed): !KU( ~y ) @ #vk.19
  solved goal nr. 45 (precomputed): !KU( ~x ) @ #vk.21
  solved goal nr. 47 (precomputed): !KU( ~x ) @ #vk.18
  solved goal nr. 42 (precomputed): !KU( ~y ) @ #vk.18
  solved goal nr. 43 (precomputed): !KU( ~y ) @ #vk.19
  solved goal nr. 48 (precomputed): !KU( ~x ) @ #vk.19
  solved goal nr. 44 (precomputed): !KU( ~x ) @ #vk.20
  solved goal nr. 69 (precomputed): !KU( ~y ) @ #vk.16
  solved goal nr. 31 (precomputed): !KU( 'g'^~x ) @ #vk.11
  solved goal nr. 31 (precomputed): !KU( 'g'^~x ) @ #vk.11
  solved goal nr. 47 (precomputed): !KU( pk(~sk) ) @ #vk.14
  solved goal nr. 47 (precomputed): !KU( pk(~sk) ) @ #vk.14
  solved goal nr. 80 (precomputed): !KU( ~x ) @ #vk.16
  solved goal nr. 94 (directly): splitEqs(4)
  solved goal nr. 94 (directly): splitEqs(4)
  solved goal nr. 95 (directly): splitEqs(4)
  solved goal nr. 93 (directly): splitEqs(4)
  solved goal nr. 93 (directly): splitEqs(4)
  solved goal nr. 94 (directly): splitEqs(4)
  solved goal nr. 94 (directly): splitEqs(4)
  solved goal nr. 95 (precomputed): !KU( Gb^~x.1 ) @ #vk.20
  solved goal nr. 93 (directly): splitEqs(4)
  solved goal nr. 82 (precomputed): !KU( ~sk ) @ #vk.15
  solved goal nr. 94 (precomputed): !KU( z^inv(~x.1) ) @ #vk.18
OK.

theory IKEv2 begin

// Function signature and definition of the equational theory E

builtins: diffie-hellman
functions: adec/2, aenc/2, dec/2, enc/2, fst/1, pair/2, pk/1, prefix/1,
           sign/2, snd/1, true/0, up/1, verify/3
equations:
    adec(aenc(x.1, pk(x.2)), x.2) = x.1,
    dec(enc(M, k), k) = M,
    fst(<x.1, x.2>) = x.1,
    prefix(enc(<X, Y>, k)) = enc(X, k),
    snd(<x.1, x.2>) = x.2,
    verify(sign(x.1, x.2), x.1, pk(x.2)) = true



rule (modulo E) PKI:
   [ Fr( ~sk ) ]
  -->
   [ !Ltk( ~sk, $A ), !PK( $A, pk(~sk) ), Out( <$A, pk(~sk)> ) ]

  /* has exactly the trivial AC variant */

rule (modulo E) AB1:
   [ Fr( ~ni ), Fr( ~sai ), Fr( ~x ), !PK( $B, pkB ), !Ltk( sk, $A ) ]
  -->
   [ Out( <~sai, 'g'^~x, ~ni> ), A_1( ~sai, ~x, ~ni, $A, $B ) ]

  /* has exactly the trivial AC variant */

rule (modulo E) BA2:
   [
   Fr( ~nr ), Fr( ~sar ), Fr( ~y ), !PK( $A, pkA ), !Ltk( sk, $B ),
   In( <sai, Ga, ni> )
   ]
  -->
   [ Out( <~sar, 'g'^~y, ~nr> ), B_1( sai, Ga, ni, $A, $B, ~sar, ~y, ~nr ) ]

  /* has exactly the trivial AC variant */

rule (modulo E) AB3:
   [
   A_1( sai, x, ni, $A, $B ), In( <sar, Gb, nr> ), !PK( $B, pkB ),
   !Ltk( sk, $A )
   ]
  -->
   [
   Out( enc(<
             <<$A, pk(sk)>, sign(up(<up(<ni, nr, Gb^x>), 'g'^x, Gb, pk(sk), pkB>), sk)
             >, 
             sai>,
            Gb^x)
   )
   ]

  /*
  rule (modulo AC) AB3:
     [
     A_1( sai, x, ni, $A, $B ), In( <sar, Gb, nr> ), !PK( $B, pkB ),
     !Ltk( sk, $A )
     ]
    -->
     [
     Out( enc(<
               <<$A, pk(sk)>, sign(up(<up(<ni, nr, z>), z.1, Gb, pk(sk), pkB>), sk)>, 
               sai>,
              z)
     )
     ]
    variants (modulo AC)
     1. Gb    = Gb.13
        x     = x.13
        z     = Gb.13^x.13
        z.1   = 'g'^x.13
    
     2. Gb    = Gb.13
        x     = one
        z     = Gb.13
        z.1   = 'g'
    
     3. Gb    = x.13^x.14
        x     = x.15
        z     = x.13^(x.14*x.15)
        z.1   = 'g'^x.15
    
     4. Gb    = x.13^x.14
        x     = inv(x.14)
        z     = x.13
        z.1   = 'g'^inv(x.14)
    
     5. Gb    = x.13^x.14
        x     = inv((x.14*x.21))
        z     = x.13^inv(x.21)
        z.1   = 'g'^inv((x.14*x.21))
    
     6. Gb    = x.13^x.14
        x     = (x.21*inv(x.14))
        z     = x.13^x.21
        z.1   = 'g'^(x.21*inv(x.14))
    
     7. Gb    = x.13^x.14
        x     = (x.21*inv((x.14*x.22)))
        z     = x.13^(x.21*inv(x.22))
        z.1   = 'g'^(x.21*inv((x.14*x.22)))
    
     8. Gb    = x.13^inv(x.14)
        x     = x.14
        z     = x.13
        z.1   = 'g'^x.14
    
     9. Gb    = x.13^inv(x.14)
        x     = inv(x.21)
        z     = x.13^inv((x.14*x.21))
        z.1   = 'g'^inv(x.21)
    
    10. Gb    = x.13^inv(x.14)
        x     = (x.14*x.21)
        z     = x.13^x.21
        z.1   = 'g'^(x.14*x.21)
    
    11. Gb    = x.13^inv(x.14)
        x     = (x.21*inv(x.22))
        z     = x.13^(x.21*inv((x.14*x.22)))
        z.1   = 'g'^(x.21*inv(x.22))
    
    12. Gb    = x.13^inv((x.14*x.15))
        x     = x.14
        z     = x.13^inv(x.15)
        z.1   = 'g'^x.14
    
    13. Gb    = x.13^inv((x.14*x.15))
        x     = (x.14*x.22)
        z     = x.13^(x.22*inv(x.15))
        z.1   = 'g'^(x.14*x.22)
    
    14. Gb    = x.13^inv((x.14*x.15))
        x     = (x.14*x.22*inv(x.23))
        z     = x.13^(x.22*inv((x.15*x.23)))
        z.1   = 'g'^(x.14*x.22*inv(x.23))
    
    15. Gb    = x.13^inv((x.14*x.15))
        x     = (x.14*inv(x.22))
        z     = x.13^inv((x.15*x.22))
        z.1   = 'g'^(x.14*inv(x.22))
    
    16. Gb    = x.13^(x.14*x.15)
        x     = inv(x.14)
        z     = x.13^x.15
        z.1   = 'g'^inv(x.14)
    
    17. Gb    = x.13^(x.14*x.15)
        x     = inv((x.14*x.22))
        z     = x.13^(x.15*inv(x.22))
        z.1   = 'g'^inv((x.14*x.22))
    
    18. Gb    = x.13^(x.14*x.15)
        x     = (x.22*inv(x.14))
        z     = x.13^(x.15*x.22)
        z.1   = 'g'^(x.22*inv(x.14))
    
    19. Gb    = x.13^(x.14*x.15)
        x     = (x.22*inv((x.14*x.23)))
        z     = x.13^(x.15*x.22*inv(x.23))
        z.1   = 'g'^(x.22*inv((x.14*x.23)))
    
    20. Gb    = x.13^(x.14*x.15*inv(x.16))
        x     = inv((x.14*x.23))
        z     = x.13^(x.15*inv((x.16*x.23)))
        z.1   = 'g'^inv((x.14*x.23))
    
    21. Gb    = x.13^(x.14*x.15*inv(x.16))
        x     = (x.16*x.23*inv(x.14))
        z     = x.13^(x.15*x.23)
        z.1   = 'g'^(x.16*x.23*inv(x.14))
    
    22. Gb    = x.13^(x.14*x.15*inv(x.16))
        x     = (x.16*x.23*inv((x.14*x.24)))
        z     = x.13^(x.15*x.23*inv(x.24))
        z.1   = 'g'^(x.16*x.23*inv((x.14*x.24)))
    
    23. Gb    = x.13^(x.14*x.15*inv(x.16))
        x     = (x.16*inv(x.14))
        z     = x.13^x.15
        z.1   = 'g'^(x.16*inv(x.14))
    
    24. Gb    = x.13^(x.14*x.15*inv(x.16))
        x     = (x.16*inv((x.14*x.23)))
        z     = x.13^(x.15*inv(x.23))
        z.1   = 'g'^(x.16*inv((x.14*x.23)))
    
    25. Gb    = x.13^(x.14*x.15*inv(x.16))
        x     = (x.23*inv((x.14*x.24)))
        z     = x.13^(x.15*x.23*inv((x.16*x.24)))
        z.1   = 'g'^(x.23*inv((x.14*x.24)))
    
    26. Gb    = x.13^(x.14*x.15*inv((x.16*x.17)))
        x     = (x.16*x.24*inv(x.14))
        z     = x.13^(x.15*x.24*inv(x.17))
        z.1   = 'g'^(x.16*x.24*inv(x.14))
    
    27. Gb    = x.13^(x.14*x.15*inv((x.16*x.17)))
        x     = (x.16*x.24*inv((x.14*x.25)))
        z     = x.13^(x.15*x.24*inv((x.17*x.25)))
        z.1   = 'g'^(x.16*x.24*inv((x.14*x.25)))
    
    28. Gb    = x.13^(x.14*x.15*inv((x.16*x.17)))
        x     = (x.16*inv(x.14))
        z     = x.13^(x.15*inv(x.17))
        z.1   = 'g'^(x.16*inv(x.14))
    
    29. Gb    = x.13^(x.14*x.15*inv((x.16*x.17)))
        x     = (x.16*inv((x.14*x.24)))
        z     = x.13^(x.15*inv((x.17*x.24)))
        z.1   = 'g'^(x.16*inv((x.14*x.24)))
    
    30. Gb    = x.13^(x.14*inv(x.15))
        x     = x.15
        z     = x.13^x.14
        z.1   = 'g'^x.15
    
    31. Gb    = x.13^(x.14*inv(x.15))
        x     = inv(x.22)
        z     = x.13^(x.14*inv((x.15*x.22)))
        z.1   = 'g'^inv(x.22)
    
    32. Gb    = x.13^(x.14*inv(x.15))
        x     = inv((x.14*x.22))
        z     = x.13^inv((x.15*x.22))
        z.1   = 'g'^inv((x.14*x.22))
    
    33. Gb    = x.13^(x.14*inv(x.15))
        x     = (x.15*x.22)
        z     = x.13^(x.14*x.22)
        z.1   = 'g'^(x.15*x.22)
    
    34. Gb    = x.13^(x.14*inv(x.15))
        x     = (x.15*x.22*inv(x.14))
        z     = x.13^x.22
        z.1   = 'g'^(x.15*x.22*inv(x.14))
    
    35. Gb    = x.13^(x.14*inv(x.15))
        x     = (x.15*x.22*inv((x.14*x.23)))
        z     = x.13^(x.22*inv(x.23))
        z.1   = 'g'^(x.15*x.22*inv((x.14*x.23)))
    
    36. Gb    = x.13^(x.14*inv(x.15))
        x     = (x.15*inv(x.14))
        z     = x.13
        z.1   = 'g'^(x.15*inv(x.14))
    
    37. Gb    = x.13^(x.14*inv(x.15))
        x     = (x.15*inv((x.14*x.22)))
        z     = x.13^inv(x.22)
        z.1   = 'g'^(x.15*inv((x.14*x.22)))
    
    38. Gb    = x.13^(x.14*inv(x.15))
        x     = (x.22*inv(x.23))
        z     = x.13^(x.14*x.22*inv((x.15*x.23)))
        z.1   = 'g'^(x.22*inv(x.23))
    
    39. Gb    = x.13^(x.14*inv(x.15))
        x     = (x.22*inv((x.14*x.23)))
        z     = x.13^(x.22*inv((x.15*x.23)))
        z.1   = 'g'^(x.22*inv((x.14*x.23)))
    
    40. Gb    = x.13^(x.14*inv((x.15*x.16)))
        x     = x.15
        z     = x.13^(x.14*inv(x.16))
        z.1   = 'g'^x.15
    
    41. Gb    = x.13^(x.14*inv((x.15*x.16)))
        x     = (x.15*x.23)
        z     = x.13^(x.14*x.23*inv(x.16))
        z.1   = 'g'^(x.15*x.23)
    
    42. Gb    = x.13^(x.14*inv((x.15*x.16)))
        x     = (x.15*x.23*inv(x.14))
        z     = x.13^(x.23*inv(x.16))
        z.1   = 'g'^(x.15*x.23*inv(x.14))
    
    43. Gb    = x.13^(x.14*inv((x.15*x.16)))
        x     = (x.15*x.23*inv(x.24))
        z     = x.13^(x.14*x.23*inv((x.16*x.24)))
        z.1   = 'g'^(x.15*x.23*inv(x.24))
    
    44. Gb    = x.13^(x.14*inv((x.15*x.16)))
        x     = (x.15*x.23*inv((x.14*x.24)))
        z     = x.13^(x.23*inv((x.16*x.24)))
        z.1   = 'g'^(x.15*x.23*inv((x.14*x.24)))
    
    45. Gb    = x.13^(x.14*inv((x.15*x.16)))
        x     = (x.15*inv(x.14))
        z     = x.13^inv(x.16)
        z.1   = 'g'^(x.15*inv(x.14))
    
    46. Gb    = x.13^(x.14*inv((x.15*x.16)))
        x     = (x.15*inv(x.23))
        z     = x.13^(x.14*inv((x.16*x.23)))
        z.1   = 'g'^(x.15*inv(x.23))
    
    47. Gb    = x.13^(x.14*inv((x.15*x.16)))
        x     = (x.15*inv((x.14*x.23)))
        z     = x.13^inv((x.16*x.23))
        z.1   = 'g'^(x.15*inv((x.14*x.23)))
  */

rule (modulo E) BA4:
   [
   B_1( sai, Ga, ni, $A, $B, sar, y, nr ), In( c ), !PK( $A, pkA ),
   !Ltk( sk, $B )
   ]
  --[
  Eq( snd(dec(c, Ga^y)), sai ),
  Eq( verify(snd(fst(dec(c, Ga^y))),
             up(<up(<ni, nr, Ga^y>), Ga, 'g'^y, pkA, pk(sk)>), pkA),
      true
  )
  ]->
   [ !SharedKey( $A, $B, Ga^y ) ]

  /*
  rule (modulo AC) BA4:
     [
     B_1( sai, Ga, ni, $A, $B, sar, y, nr ), In( c ), !PK( $A, pkA ),
     !Ltk( sk, $B )
     ]
    --[ Eq( z.1, sai ), Eq( z.2, true ) ]->
     [ !SharedKey( $A, $B, z ) ]
    variants (modulo AC)
      1. Ga    = Ga.15
         c     = c.15
         ni    = ni.15
         nr    = nr.15
         pkA   = pkA.15
         sk    = sk.15
         y     = y.15
         z     = Ga.15^y.15
         z.1   = snd(dec(c.15, Ga.15^y.15))
         z.2   = verify(snd(fst(dec(c.15, Ga.15^y.15))),
                        up(<up(<ni.15, nr.15, Ga.15^y.15>), Ga.15, 'g'^y.15, pkA.15, pk(sk.15)>),
                        pkA.15)
    
      2. Ga    = Ga.15
         c     = c.15
         ni    = ni.15
         nr    = nr.15
         pkA   = pkA.15
         sk    = sk.15
         y     = one
         z     = Ga.15
         z.1   = snd(dec(c.15, Ga.15))
         z.2   = verify(snd(fst(dec(c.15, Ga.15))),
                        up(<up(<ni.15, nr.15, Ga.15>), Ga.15, 'g', pkA.15, pk(sk.15)>), pkA.15)
    
      3. Ga    = x.15
         c     = enc(x.16, x.15)
         ni    = ni.17
         nr    = nr.17
         pkA   = pkA.17
         sk    = sk.17
         y     = one
         z     = x.15
         z.1   = snd(x.16)
         z.2   = verify(snd(fst(x.16)),
                        up(<up(<ni.17, nr.17, x.15>), x.15, 'g', pkA.17, pk(sk.17)>), pkA.17)
    
      4. Ga    = x.15
         c     = enc(x.16, x.15^x.17)
         ni    = ni.18
         nr    = nr.18
         pkA   = pkA.18
         sk    = sk.18
         y     = x.17
         z     = x.15^x.17
         z.1   = snd(x.16)
         z.2   = verify(snd(fst(x.16)),
                        up(<up(<ni.18, nr.18, x.15^x.17>), x.15, 'g'^x.17, pkA.18, pk(sk.18)>),
                        pkA.18)
    
      5. Ga    = x.15
         c     = enc(<x.16, x.17>, x.15)
         ni    = ni.18
         nr    = nr.18
         pkA   = pkA.18
         sk    = sk.18
         y     = one
         z     = x.15
         z.1   = x.17
         z.2   = verify(snd(x.16),
                        up(<up(<ni.18, nr.18, x.15>), x.15, 'g', pkA.18, pk(sk.18)>), pkA.18)
    
      6. Ga    = x.15
         c     = enc(<x.16, x.17>, x.15^x.18)
         ni    = ni.19
         nr    = nr.19
         pkA   = pkA.19
         sk    = sk.19
         y     = x.18
         z     = x.15^x.18
         z.1   = x.17
         z.2   = verify(snd(x.16),
                        up(<up(<ni.19, nr.19, x.15^x.18>), x.15, 'g'^x.18, pkA.19, pk(sk.19)>),
                        pkA.19)
    
      7. Ga    = x.15
         c     = enc(<<x.16, x.17>, x.18>, x.15)
         ni    = ni.19
         nr    = nr.19
         pkA   = pkA.19
         sk    = sk.19
         y     = one
         z     = x.15
         z.1   = x.18
         z.2   = verify(x.17,
                        up(<up(<ni.19, nr.19, x.15>), x.15, 'g', pkA.19, pk(sk.19)>), pkA.19)
    
      8. Ga    = x.15
         c     = enc(<<x.16, x.17>, x.18>, x.15^x.19)
         ni    = ni.20
         nr    = nr.20
         pkA   = pkA.20
         sk    = sk.20
         y     = x.19
         z     = x.15^x.19
         z.1   = x.18
         z.2   = verify(x.17,
                        up(<up(<ni.20, nr.20, x.15^x.19>), x.15, 'g'^x.19, pkA.20, pk(sk.20)>),
                        pkA.20)
    
      9. Ga    = x.15
         c     = enc(<
                      <x.16, 
                       sign(up(<up(<x.17, x.18, x.15>), x.15, 'g', pk(x.19), pk(x.20)>), x.19)
                      >, 
                      x.21>,
                     x.15)
         ni    = x.17
         nr    = x.18
         pkA   = pk(x.19)
         sk    = x.20
         y     = one
         z     = x.15
         z.1   = x.21
         z.2   = true
    
     10. Ga    = x.15
         c     = enc(<
                      <x.16, 
                       sign(up(<up(<x.17, x.18, x.15^x.19>), x.15, 'g'^x.19, pk(x.20), pk(x.21)
                               >),
                            x.20)
                      >, 
                      x.22>,
                     x.15^x.19)
         ni    = x.17
         nr    = x.18
         pkA   = pk(x.20)
         sk    = x.21
         y     = x.19
         z     = x.15^x.19
         z.1   = x.22
         z.2   = true
    
     11. Ga    = x.15^x.16
         c     = c.17
         ni    = ni.17
         nr    = nr.17
         pkA   = pkA.17
         sk    = sk.17
         y     = y.17
         z     = x.15^(x.16*y.17)
         z.1   = snd(dec(c.17, x.15^(x.16*y.17)))
         z.2   = verify(snd(fst(dec(c.17, x.15^(x.16*y.17)))),
                        up(<up(<ni.17, nr.17, x.15^(x.16*y.17)>), x.15^x.16, 'g'^y.17, pkA.17, 
                            pk(sk.17)>),
                        pkA.17)
    
     12. Ga    = x.15^x.16
         c     = c.17
         ni    = ni.17
         nr    = nr.17
         pkA   = pkA.17
         sk    = sk.17
         y     = inv(x.16)
         z     = x.15
         z.1   = snd(dec(c.17, x.15))
         z.2   = verify(snd(fst(dec(c.17, x.15))),
                        up(<up(<ni.17, nr.17, x.15>), x.15^x.16, 'g'^inv(x.16), pkA.17, pk(sk.17)
                           >),
                        pkA.17)
    
     13. Ga    = x.15^x.16
         c     = c.25
         ni    = ni.25
         nr    = nr.25
         pkA   = pkA.25
         sk    = sk.25
         y     = inv((x.16*x.24))
         z     = x.15^inv(x.24)
         z.1   = snd(dec(c.25, x.15^inv(x.24)))
         z.2   = verify(snd(fst(dec(c.25, x.15^inv(x.24)))),
                        up(<up(<ni.25, nr.25, x.15^inv(x.24)>), x.15^x.16, 'g'^inv((x.16*x.24)), 
                            pkA.25, pk(sk.25)>),
                        pkA.25)
    
     14. Ga    = x.15^x.16
         c     = c.25
         ni    = ni.25
         nr    = nr.25
         pkA   = pkA.25
         sk    = sk.25
         y     = (x.24*inv(x.16))
         z     = x.15^x.24
         z.1   = snd(dec(c.25, x.15^x.24))
         z.2   = verify(snd(fst(dec(c.25, x.15^x.24))),
                        up(<up(<ni.25, nr.25, x.15^x.24>), x.15^x.16, 'g'^(x.24*inv(x.16)), 
                            pkA.25, pk(sk.25)>),
                        pkA.25)
    
     15. Ga    = x.15^x.16
         c     = c.26
         ni    = ni.26
         nr    = nr.26
         pkA   = pkA.26
         sk    = sk.26
         y     = (x.24*inv((x.16*x.25)))
         z     = x.15^(x.24*inv(x.25))
         z.1   = snd(dec(c.26, x.15^(x.24*inv(x.25))))
         z.2   = verify(snd(fst(dec(c.26, x.15^(x.24*inv(x.25))))),
                        up(<up(<ni.26, nr.26, x.15^(x.24*inv(x.25))>), x.15^x.16, 
                            'g'^(x.24*inv((x.16*x.25))), pkA.26, pk(sk.26)>),
                        pkA.26)
    
     16. Ga    = x.15^x.16
         c     = enc(x.17, x.15)
         ni    = ni.18
         nr    = nr.18
         pkA   = pkA.18
         sk    = sk.18
         y     = inv(x.16)
         z     = x.15
         z.1   = snd(x.17)
         z.2   = verify(snd(fst(x.17)),
                        up(<up(<ni.18, nr.18, x.15>), x.15^x.16, 'g'^inv(x.16), pkA.18, pk(sk.18)
                           >),
                        pkA.18)
    
     17. Ga    = x.15^x.16
         c     = enc(x.17, x.15^x.18)
         ni    = ni.19
         nr    = nr.19
         pkA   = pkA.19
         sk    = sk.19
         y     = (x.18*inv(x.16))
         z     =  solved goal nr. 95 (precomputed): !KU( x.1^(~x.2*x.3) ) @ #vk.20
 x.15^x.18
         z.1   = snd(x.17)
         z.2   = verify(snd(fst(x.17)),
                        up(<up(<ni.19, nr.19, x.15^x.18>), x.15^x.16, 'g'^(x.18*inv(x.16)), 
                            pkA.19, pk(sk.19)>),
                        pkA.19)
    
     18. Ga    = x.15^x.16
         c     = enc(x.17, x.15^inv(x.18))
         ni    = ni.19
         nr    = nr.19
         pkA   = pkA.19
         sk    = sk.19
         y     = inv((x.16*x.18))
         z     = x.15^inv(x.18)
         z.1   = snd(x.17)
         z.2   = verify(snd(fst(x.17)),
                        up(<up(<ni.19, nr.19, x.15^inv(x.18)>), x.15^x.16, 'g'^inv((x.16*x.18)), 
                            pkA.19, pk(sk.19)>),
                        pkA.19)
    
     19. Ga    = x.15^x.16
         c     = enc(x.17, x.15^(x.16*x.18))
         ni    = ni.19
         nr    = nr.19
         pkA   = pkA.19
         sk    = sk.19
         y     = x.18
         z     = x.15^(x.16*x.18)
         z.1   = snd(x.17)
         z.2   = verify(snd(fst(x.17)),
                        up(<up(<ni.19, nr.19, x.15^(x.16*x.18)>), x.15^x.16, 'g'^x.18, pkA.19, 
                            pk(sk.19)>),
                        pkA.19)
    
     20. Ga    = x.15^x.16
         c     = enc(x.17, x.15^(x.18*inv(x.19)))
         ni    = ni.20
         nr    = nr.20
         pkA   = pkA.20
         sk    = sk.20
         y     = (x.18*inv((x.16*x.19)))
         z     = x.15^(x.18*inv(x.19))
         z.1   = snd(x.17)
         z.2   = verify(snd(fst(x.17)),
                        up(<up(<ni.20, nr.20, x.15^(x.18*inv(x.19))>), x.15^x.16, 
                            'g'^(x.18*inv((x.16*x.19))), pkA.20, pk(sk.20)>),
                        pkA.20)
    
     21. Ga    = x.15^x.16
         c     = enc(<x.17, x.18>, x.15)
         ni    = ni.19
         nr    = nr.19
         pkA   = pkA.19
         sk    = sk.19
         y     = inv(x.16)
         z     = x.15
         z.1   = x.18
         z.2   = verify(snd(x.17),
                        up(<up(<ni.19, nr.19, x.15>), x.15^x.16, 'g'^inv(x.16), pkA.19, pk(sk.19)
                           >),
                        pkA.19)
    
     22. Ga    = x.15^x.16
         c     = enc(<x.17, x.18>, x.15^x.19)
         ni    = ni.20
         nr    = nr.20
         pkA   = pkA.20
         sk    = sk.20
         y     = (x.19*inv(x.16))
         z     = x.15^x.19
         z.1   = x.18
         z.2   = verify(snd(x.17),
                        up(<up(<ni.20, nr.20, x.15^x.19>), x.15^x.16, 'g'^(x.19*inv(x.16)), 
                            pkA.20, pk(sk.20)>),
                        pkA.20)
    
     23. Ga    = x.15^x.16
         c     = enc(<x.17, x.18>, x.15^inv(x.19))
         ni    = ni.20
         nr    = nr.20
         pkA   = pkA.20
         sk    = sk.20
         y     = inv((x.16*x.19))
         z     = x.15^inv(x.19)
         z.1   = x.18
         z.2   = verify(snd(x.17),
                        up(<up(<ni.20, nr.20, x.15^inv(x.19)>), x.15^x.16, 'g'^inv((x.16*x.19)), 
                            pkA.20, pk(sk.20)>),
                        pkA.20)
    
     24. Ga    = x.15^x.16
         c     = enc(<x.17, x.18>, x.15^(x.16*x.19))
         ni    = ni.20
         nr    = nr.20
         pkA   = pkA.20
         sk    = sk.20
         y     = x.19
         z     = x.15^(x.16*x.19)
         z.1   = x.18
         z.2   = verify(snd(x.17),
                        up(<up(<ni.20, nr.20, x.15^(x.16*x.19)>), x.15^x.16, 'g'^x.19, pkA.20, 
                            pk(sk.20)>),
                        pkA.20)
    
     25. Ga    = x.15^x.16
         c     = enc(<x.17, x.18>, x.15^(x.19*inv(x.20)))
         ni    = ni.21
         nr    = nr.21
         pkA   = pkA.21
         sk    = sk.21
         y     = (x.19*inv((x.16*x.20)))
         z     = x.15^(x.19*inv(x.20))
         z.1   = x.18
         z.2   = verify(snd(x.17),
                        up(<up(<ni.21, nr.21, x.15^(x.19*inv(x.20))>), x.15^x.16, 
                            'g'^(x.19*inv((x.16*x.20))), pkA.21, pk(sk.21)>),
                        pkA.21)
    
     26. Ga    = x.15^x.16
         c     = enc(<<x.17, x.18>, x.19>, x.15)
         ni    = ni.20
         nr    = nr.20
         pkA   = pkA.20
         sk    = sk.20
         y     = inv(x.16)
         z     = x.15
         z.1   = x.19
         z.2   = verify(x.18,
                        up(<up(<ni.20, nr.20, x.15>), x.15^x.16, 'g'^inv(x.16), pkA.20, pk(sk.20)
                           >),
                        pkA.20)
    
     27. Ga    = x.15^x.16
         c     = enc(<<x.17, x.18>, x.19>, x.15^x.20)
         ni    = ni.21
         nr    = nr.21
         pkA   = pkA.21
         sk    = sk.21
         y     = (x.20*inv(x.16))
         z     = x.15^x.20
         z.1   = x.19
         z.2   = verify(x.18,
                        up(<up(<ni.21, nr.21, x.15^x.20>), x.15^x.16, 'g'^(x.20*inv(x.16)), 
                            pkA.21, pk(sk.21)>),
                        pkA.21)
    
     28. Ga    = x.15^x.16
         c     = enc(<<x.17, x.18>, x.19>, x.15^inv(x.20))
         ni    = ni.21
         nr    = nr.21
         pkA   = pkA.21
         sk    = sk.21
         y     = inv((x.16*x.20))
         z     = x.15^inv(x.20)
         z.1   = x.19
         z.2   = verify(x.18,
                        up(<up(<ni.21, nr.21, x.15^inv(x.20)>), x.15^x.16, 'g'^inv((x.16*x.20)), 
                            pkA.21, pk(sk.21)>),
                        pkA.21)
    
     29. Ga    = x.15^x.16
         c     = enc(<<x.17, x.18>, x.19>, x.15^(x.16*x.20))
         ni    = ni.21
         nr    = nr.21
         pkA   = pkA.21
         sk    = sk.21
         y     = x.20
         z     = x.15^(x.16*x.20)
         z.1   = x.19
         z.2   = verify(x.18,
                        up(<up(<ni.21, nr.21, x.15^(x.16*x.20)>), x.15^x.16, 'g'^x.20, pkA.21, 
                            pk(sk.21)>),
                        pkA.21)
    
     30. Ga    = x.15^x.16
         c     = enc(<<x.17, x.18>, x.19>, x.15^(x.20*inv(x.21)))
         ni    = ni.22
         nr    = nr.22
         pkA   = pkA.22
         sk    = sk.22
         y     = (x.20*inv((x.16*x.21)))
         z     = x.15^(x.20*inv(x.21))
         z.1   = x.19
         z.2   = verify(x.18,
                        up(<up(<ni.22, nr.22, x.15^(x.20*inv(x.21))>), x.15^x.16, 
                            'g'^(x.20*inv((x.16*x.21))), pkA.22, pk(sk.22)>),
                        pkA.22)
    
     31. Ga    = x.15^x.16
         c     = enc(<
                      <x.17, 
                       sign(up(<up(<x.18, x.19, x.15>), x.15^x.16, 'g'^inv(x.16), pk(x.20), 
                                pk(x.21)>),
                            x.20)
                      >, 
                      x.22>,
                     x.15)
         ni    = x.18
         nr    = x.19
         pkA   = pk(x.20)
         sk    = x.21
         y     = inv(x.16)
         z     = x.15
         z.1   = x.22
         z.2   = true
    
     32. Ga    = x.15^x.16
         c     = enc(<
                      <x.17, 
                       sign(up(<up(<x.18, x.19, x.15^x.20>), x.15^x.16, 'g'^(x.20*inv(x.16)), 
                                pk(x.21), pk(x.22)>),
                            x.21)
                      >, 
                      x.23>,
                     x.15^x.20)
         ni    = x.18
         nr    = x.19
         pkA   = pk(x.21)
         sk    = x.22
         y     = (x.20*inv(x.16))
         z     = x.15^x.20
         z.1   = x.23
         z.2   = true
    
     33. Ga    = x.15^x.16
         c     = enc(<
                      <x.17, 
                       sign(up(<up(<x.18, x.19, x.15^inv(x.20)>), x.15^x.16, 
                                'g'^inv((x.16*x.20)), pk(x.21), pk(x.22)>),
                            x.21)
                      >, 
                      x.23>,
                     x.15^inv(x.20))
         ni    = x.18
         nr    = x.19
         pkA   = pk(x.21)
         sk    = x.22
         y     = inv((x.16*x.20))
         z     = x.15^inv(x.20)
         z.1   = x.23
         z.2   = true
    
     34. Ga    = x.15^x.16
         c     = enc(<
                      <x.17, 
                       sign(up(<up(<x.18, x.19, x.15^(x.16*x.20)>), x.15^x.16, 'g'^x.20, 
                                pk(x.21), pk(x.22)>),
                            x.21)
                      >, 
                      x.23>,
                     x.15^(x.16*x.20))
         ni    = x.18
         nr    = x.19
         pkA   = pk(x.21)
         sk    = x.22
         y     = x.20
         z     = x.15^(x.16*x.20)
         z.1   = x.23
         z.2   = true
    
     35. Ga    = x.15^x.16
         c     = enc(<
                      <x.17, 
                       sign(up(<up(<x.18, x.19, x.15^(x.20*inv(x.21))>), x.15^x.16, 
                                'g'^(x.20*inv((x.16*x.21))), pk(x.22), pk(x.23)>),
                            x.22)
                      >, 
                      x.24>,
                     x.15^(x.20*inv(x.21)))
         ni    = x.18
         nr    = x.19
         pkA   = pk(x.22)
         sk    = x.23
         y     = (x.20*inv((x.16*x.21)))
         z     = x.15^(x.20*inv(x.21))
         z.1   = x.24
         z.2   = true
    
     36. Ga    = x.15^inv(x.16)
         c     = c.17
         ni    = ni.17
         nr    = nr.17
         pkA   = pkA.17
         sk    = sk.17
         y     = x.16
         z     = x.15
         z.1   = snd(dec(c.17, x.15))
         z.2   = verify(snd(fst(dec(c.17, x.15))),
                        up(<up(<ni.17, nr.17, x.15>), x.15^inv(x.16), 'g'^x.16, pkA.17, pk(sk.17)
                           >),
                        pkA.17)
    
     37. Ga    = x.15^inv(x.16)
         c     = c.25
         ni    = ni.25
         nr    = nr.25
         pkA   = pkA.25
         sk    = sk.25
         y     = inv(x.24)
         z     = x.15^inv((x.16*x.24))
         z.1   = snd(dec(c.25, x.15^inv((x.16*x.24))))
         z.2   = verify(snd(fst(dec(c.25, x.15^inv((x.16*x.24))))),
                        up(<up(<ni.25, nr.25, x.15^inv((x.16*x.24))>), x.15^inv(x.16), 
                            'g'^inv(x.24), pkA.25, pk(sk.25)>),
                        pkA.25)
    
     38. Ga    = x.15^inv(x.16)
         c     = c.25
         ni    = ni.25
         nr    = nr.25
         pkA   = pkA.25
         sk    = sk.25
         y     = (x.16*x.24)
         z     = x.15^x.24
         z.1   = snd(dec(c.25, x.15^x.24))
         z.2   = verify(snd(fst(dec(c.25, x.15^x.24))),
                        up(<up(<ni.25, nr.25, x.15^x.24>), x.15^inv(x.16), 'g'^(x.16*x.24), 
                            pkA.25, pk(sk.25)>),
                        pkA.25)
    
     39. Ga    = x.15^inv(x.16)
         c     = c.26
         ni    = ni.26
         nr    = nr.26
         pkA   = pkA.26
         sk    = sk.26
         y     = (x.24*inv(x.25))
         z     = x.15^(x.24*inv((x.16*x.25)))
         z.1   = snd(dec(c.26, x.15^(x.24*inv((x.16*x.25)))))
         z.2   = verify(snd(fst(dec(c.26, x.15^(x.24*inv((x.16*x.25)))))),
                        up(<up(<ni.26, nr.26, x.15^(x.24*inv((x.16*x.25)))>), x.15^inv(x.16), 
                            'g'^(x.24*inv(x.25)), pkA.26, pk(sk.26)>),
                        pkA.26)
    
     40. Ga    = x.15^inv(x.16)
         c     = enc(x.17, x.15)
         ni    = ni.18
         nr    = nr.18
         pkA   = pkA.18
         sk    = sk.18
         y     = x.16
         z     = x.15
         z.1   = snd(x.17)
         z.2   = verify(snd(fst(x.17)),
                        up(<up(<ni.18, nr.18, x.15>), x.15^inv(x.16), 'g'^x.16, pkA.18, pk(sk.18)
                           >),
                        pkA.18)
    
     41. Ga    = x.15^inv(x.16)
         c     = enc(x.17, x.15^x.18)
         ni    = ni.19
         nr    = nr.19
         pkA   = pkA.19
         sk    = sk.19
         y     = (x.16*x.18)
         z     = x.15^x.18
         z.1   = snd(x.17)
         z.2   = verify(snd(fst(x.17)),
                        up(<up(<ni.19, nr.19, x.15^x.18>), x.15^inv(x.16), 'g'^(x.16*x.18), 
                            pkA.19, pk(sk.19)>),
                        pkA.19)
    
     42. Ga    = x.15^inv(x.16)
         c     = enc(x.17, x.15^inv((x.16*x.18)))
         ni    = ni.19
         nr    = nr.19
         pkA   = pkA.19
         sk    = sk.19
         y     = inv(x.18)
         z     = x.15^inv((x.16*x.18))
         z.1   = snd(x.17)
         z.2   = verify(snd(fst(x.17)),
                        up(<up(<ni.19, nr.19, x.15^inv((x.16*x.18))>), x.15^inv(x.16), 
                            'g'^inv(x.18), pkA.19, pk(sk.19)>),
                        pkA.19)
    
     43. Ga    = x.15^inv(x.16)
         c     = enc(x.17, x.15^(x.18*inv((x.16*x.19))))
         ni    = ni.20
         nr    = nr.20
         pkA   = pkA.20
         sk    = sk.20
         y     = (x.18*inv(x.19))
         z     = x.15^(x.18*inv((x.16*x.19)))
         z.1   = snd(x.17)
         z.2   = verify(snd(fst(x.17)),
                        up(<up(<ni.20, nr.20, x.15^(x.18*inv((x.16*x.19)))>), x.15^inv(x.16), 
                            'g'^(x.18*inv(x.19)), pkA.20, pk(sk.20)>),
                        pkA.20)
    
     44. Ga    = x.15^inv(x.16)
         c     = enc(<x.17, x.18>, x.15)
         ni    = ni.19
         nr    = nr.19
         pkA   = pkA.19
         sk    = sk.19
         y     = x.16
         z     = x.15
         z.1   = x.18
         z.2   = verify(snd(x.17),
                        up(<up(<ni.19, nr.19, x.15>), x.15^inv(x.16), 'g'^x.16, pkA.19, pk(sk.19)
                           >),
                        pkA.19)
    
     45. Ga    = x.15^inv(x.16)
         c     = enc(<x.17, x.18>, x.15^x.19)
         ni    = ni.20
         nr    = nr.20
         pkA   = pkA.20
         sk    = sk.20
         y     = (x.16*x.19)
         z     = x.15^x.19
         z.1   = x.18
         z.2   = verify(snd(x.17),
                        up(<up(<ni.20, nr.20, x.15^x.19>), x.15^inv(x.16), 'g'^(x.16*x.19), 
                            pkA.20, pk(sk.20)>),
                        pkA.20)
    
     46. Ga    = x.15^inv(x.16)
         c     = enc(<x.17, x.18>, x.15^inv((x.16*x.19)))
         ni    = ni.20
         nr    = nr.20
         pkA   = pkA.20
         sk    = sk.20
         y     = inv(x.19)
         z     = x.15^inv((x.16*x.19))
         z.1   = x.18
         z.2   = verify(snd(x.17),
                        up(<up(<ni.20, nr.20, x.15^inv((x.16*x.19))>), x.15^inv(x.16), 
                            'g'^inv(x.19), pkA.20, pk(sk.20)>),
                        pkA.20)
    
     47. Ga    = x.15^inv(x.16)
         c     = enc(<x.17, x.18>, x.15^(x.19*inv((x.16*x.20))))
         ni    = ni.21
         nr    = nr.21
         pkA   = pkA.21
         sk    = sk.21
         y     = (x.19*inv(x.20))
         z     = x.15^(x.19*inv((x.16*x.20)))
         z.1   = x.18
         z.2   = verify(snd(x.17),
                        up(<up(<ni.21, nr.21, x.15^(x.19*inv((x.16*x.20)))>), x.15^inv(x.16), 
                            'g'^(x.19*inv(x.20)), pkA.21, pk(sk.21)>),
                        pkA.21)
    
     48. Ga    = x.15^inv(x.16)
         c     = enc(<<x.17, x.18>, x.19>, x.15)
         ni    = ni.20
         nr    = nr.20
         pkA   = pkA.20
         sk    = sk.20
         y     = x.16
         z     = x.15
         z.1   = x.19
         z.2   = verify(x.18,
                        up(<up(<ni.20, nr.20, x.15>), x.15^inv(x.16), 'g'^x.16, pkA.20, pk(sk.20)
                           >),
                        pkA.20)
    
     49. Ga    = x.15^inv(x.16)
         c     = enc(<<x.17, x.18>, x.19>, x.15^x.20)
         ni    = ni.21
         nr    = nr.21
         pkA   = pkA.21
         sk    = sk.21
         y     = (x.16*x.20)
         z     = x.15^x.20
         z.1   = x.19
         z.2   = verify(x.18,
                        up(<up(<ni.21, nr.21, x.15^x.20>), x.15^inv(x.16), 'g'^(x.16*x.20), 
                            pkA.21, pk(sk.21)>),
                        pkA.21)
    
     50. Ga    = x.15^inv(x.16)
         c     = enc(<<x.17, x.18>, x.19>, x.15^inv((x.16*x.20)))
         ni    = ni.21
         nr    = nr.21
         pkA   = pkA.21
         sk    = sk.21
         y     = inv(x.20)
         z     = x.15^inv((x.16*x.20))
         z.1   = x.19
         z.2   = verify(x.18,
                        up(<up(<ni.21, nr.21, x.15^inv((x.16*x.20))>), x.15^inv(x.16), 
                            'g'^inv(x.20), pkA.21, pk(sk.21)>),
                        pkA.21)
    
     51. Ga    = x.15^inv(x.16)
         c     = enc(<<x.17, x.18>, x.19>, x.15^(x.20*inv((x.16*x.21))))
         ni    = ni.22
         nr    = nr.22
         pkA   = pkA.22
         sk    = sk.22
         y     = (x.20*inv(x.21))
         z     = x.15^(x.20*inv((x.16*x.21)))
         z.1   = x.19
         z.2   = verify(x.18,
                        up(<up(<ni.22, nr.22, x.15^(x.20*inv((x.16*x.21)))>), x.15^inv(x.16), 
                            'g'^(x.20*inv(x.21)), pkA.22, pk(sk.22)>),
                        pkA.22)
    
     52. Ga    = x.15^inv(x.16)
         c     = enc(<
                      <x.17, 
                       sign(up(<up(<x.18, x.19, x.15>), x.15^inv(x.16), 'g'^x.16, pk(x.20), 
                                pk(x.21)>),
                            x.20)
                      >, 
                      x.22>,
                     x.15)
         ni    = x.18
         nr    = x.19
         pkA   = pk(x.20)
         sk    = x.21
         y     = x.16
         z     = x.15
         z.1   = x.22
         z.2   = true
    
     53. Ga    = x.15^inv(x.16)
         c     = enc(<
                      <x.17, 
                       sign(up(<up(<x.18, x.19, x.15^x.20>), x.15^inv(x.16), 'g'^(x.16*x.20), 
                                pk(x.21), pk(x.22)>),
                            x.21)
                      >, 
                      x.23>,
                     x.15^x.20)
         ni    = x.18
         nr    = x.19
         pkA   = pk(x.21)
         sk    = x.22
         y     = (x.16*x.20)
         z     = x.15^x.20
         z.1   = x.23
         z.2   = true
    
     54. Ga    = x.15^inv(x.16)
         c     = enc(<
                      <x.17, 
                       sign(up(<up(<x.18, x.19, x.15^inv((x.16*x.20))>), x.15^inv(x.16), 
                                'g'^inv(x.20), pk(x.21), pk(x.22)>),
                            x.21)
                      >, 
                      x.23>,
                     x.15^inv((x.16*x.20)))
         ni    = x.18
         nr    = x.19
         pkA   = pk(x.21)
         sk    = x.22
         y     = inv(x.20)
         z     = x.15^inv((x.16*x.20))
         z.1   = x.23
         z.2   = true
    
     55. Ga    = x.15^inv(x.16)
         c     = enc(<
                      <x.17, 
                       sign(up(<up(<x.18, x.19, x.15^(x.20*inv((x.16*x.21)))>), x.15^inv(x.16), 
                                'g'^(x.20*inv(x.21)), pk(x.22), pk(x.23)>),
                            x.22)
                      >, 
                      x.24>,
                     x.15^(x.20*inv((x.16*x.21))))
         ni    = x.18
         nr    = x.19
         pkA   = pk(x.22)
         sk    = x.23
         y     = (x.20*inv(x.21))
         z     = x.15^(x.20*inv((x.16*x.21)))
         z.1   = x.24
         z.2   = true
    
     56. Ga    = x.15^inv((x.16*x.17))
         c     = c.18
         ni    = ni.18
         nr    = nr.18
         pkA   = pkA.18
         sk    = sk.18
         y     = x.16
         z     = x.15^inv(x.17)
         z.1   = snd(dec(c.18, x.15^inv(x.17)))
         z.2   = verify(snd(fst(dec(c.18, x.15^inv(x.17)))),
                        up(<up(<ni.18, nr.18, x.15^inv(x.17)>), x.15^inv((x.16*x.17)), 'g'^x.16, 
                            pkA.18, pk(sk.18)>),
                        pkA.18)
    
     57. Ga    = x.15^inv((x.16*x.17))
         c     = c.26
         ni    = ni.26
         nr    = nr.26
         pkA   = pkA.26
         sk    = sk.26
         y     = (x.16*x.25)
         z     = x.15^(x.25*inv(x.17))
         z.1   = snd(dec(c.26, x.15^(x.25*inv(x.17))))
         z.2   = verify(snd(fst(dec(c.26, x.15^(x.25*inv(x.17))))),
                        up(<up(<ni.26, nr.26, x.15^(x.25*inv(x.17))>), x.15^inv((x.16*x.17)), 
                            'g'^(x.16*x.25), pkA.26, pk(sk.26)>),
                        pkA.26)
    
     58. Ga    = x.15^inv((x.16*x.17))
         c     = c.26
         ni    = ni.26
         nr    = nr.26
         pkA   = pkA.26
         sk    = sk.26
         y     = (x.16*inv(x.25))
         z     = x.15^inv((x.17*x.25))
         z.1   = snd(dec(c.26, x.15^inv((x.17*x.25))))
         z.2   = verify(snd(fst(dec(c.26, x.15^inv((x.17*x.25))))),
                        up(<up(<ni.26, nr.26, x.15^inv((x.17*x.25))>), x.15^inv((x.16*x.17)), 
                            'g'^(x.16*inv(x.25)), pkA.26, pk(sk.26)>),
                        pkA.26)
    
     59. Ga    = x.15^inv((x.16*x.17))
         c     = c.27
         ni    = ni.27
         nr    = nr.27
         pkA   = pkA.27
         sk    = sk.27
         y     = (x.16*x.25*inv(x.26))
         z     = x.15^(x.25*inv((x.17*x.26)))
         z.1   = snd(dec(c.27, x.15^(x.25*inv((x.17*x.26)))))
         z.2   = verify(snd(fst(dec(c.27, x.15^(x.25*inv((x.17*x.26)))))),
                        up(<up(<ni.27, nr.27, x.15^(x.25*inv((x.17*x.26)))>), 
                            x.15^inv((x.16*x.17)), 'g'^(x.16*x.25*inv(x.26)), pkA.27, pk(sk.27)>),
                        pkA.27)
    
     60. Ga    = x.15^inv((x.16*x.17))
         c     = enc(x.18, x.15^inv(x.17))
         ni    = ni.19
         nr    = nr.19
         pkA   = pkA.19
         sk    = sk.19
         y     = x.16
         z     = x.15^inv(x.17)
         z.1   = snd(x.18)
         z.2   = verify(snd(fst(x.18)),
                        up(<up(<ni.19, nr.19, x.15^inv(x.17)>), x.15^inv((x.16*x.17)), 'g'^x.16, 
                            pkA.19, pk(sk.19)>),
                        pkA.19)
    
     61. Ga    = x.15^inv((x.16*x.17))
         c     = enc(x.18, x.15^inv((x.17*x.19)))
         ni    = ni.20
         nr    = nr.20
         pkA   = pkA.20
         sk    = sk.20
         y     = (x.16*inv(x.19))
         z     = x.15^inv((x.17*x.19))
         z.1   = snd(x.18)
         z.2   = verify(snd(fst(x.18)),
                        up(<up(<ni.20, nr.20, x.15^inv((x.17*x.19))>), x.15^inv((x.16*x.17)), 
                            'g'^(x.16*inv(x.19)), pkA.20, pk(sk.20)>),
                        pkA.20)
    
     62. Ga    = x.15^inv((x.16*x.17))
         c     = enc(x.18, x.15^(x.19*inv(x.17)))
         ni    = ni.20
         nr    = nr.20
         pkA   = pkA.20
         sk    = sk.20
         y     = (x.16*x.19)
         z     = x.15^(x.19*inv(x.17))
         z.1   = snd(x.18)
         z.2   = verify(snd(fst(x.18)),
                        up(<up(<ni.20, nr.20, x.15^(x.19*inv(x.17))>), x.15^inv((x.16*x.17)), 
                            'g'^(x.16*x.19), pkA.20, pk(sk.20)>),
                        pkA.20)
    
     63. Ga    = x.15^inv((x.16*x.17))
         c     = enc(x.18, x.15^(x.19*inv((x.17*x.20))))
         ni    = ni.21
         nr    = nr.21
         pkA   = pkA.21
         sk    = sk.21
         y     = (x.16*x.19*inv(x.20))
         z     = x.15^(x.19*inv((x.17*x.20)))
         z.1   = snd(x.18)
         z.2   = verify(snd(fst(x.18)),
                        up(<up(<ni.21, nr.21, x.15^(x.19*inv((x.17*x.20)))>), 
                            x.15^inv((x.16*x.17)), 'g'^(x.16*x.19*inv(x.20)), pkA.21, pk(sk.21)>),
                        pkA.21)
    
     64. Ga    = x.15^inv((x.16*x.17))
         c     = enc(<x.18, x.19>, x.15^inv(x.17))
         ni    = ni.20
         nr    = nr.20
         pkA   = pkA.20
         sk    = sk.20
         y     = x.16
         z     = x.15^inv(x.17)
         z.1   = x.19
         z.2   = verify(snd(x.18),
                        up(<up(<ni.20, nr.20, x.15^inv(x.17)>), x.15^inv((x.16*x.17)), 'g'^x.16, 
                            pkA.20, pk(sk.20)>),
                        pkA.20)
    
     65. Ga    = x.15^inv((x.16*x.17))
         c     = enc(<x.18, x.19>, x.15^inv((x.17*x.20)))
         ni    = ni.21
         nr    = nr.21
         pkA   = pkA.21
         sk    = sk.21
         y     = (x.16*inv(x.20))
         z     = x.15^inv((x.17*x.20))
         z.1   = x.19
         z.2   = verify(snd(x.18),
                        up(<up(<ni.21, nr.21, x.15^inv((x.17*x.20))>), x.15^inv((x.16*x.17)), 
                            'g'^(x.16*inv(x.20)), pkA.21, pk(sk.21)>),
                        pkA.21)
    
     66. Ga    = x.15^inv((x.16*x.17))
         c     = enc(<x.18, x.19>, x.15^(x.20*inv(x.17)))
         ni    = ni.21
         nr    = nr.21
         pkA   = pkA.21
         sk    = sk.21
         y     = (x.16*x.20)
         z     = x.15^(x.20*inv(x.17))
         z.1   = x.19
         z.2   = verify(snd(x.18),
                        up(<up(<ni.21, nr.21, x.15^(x.20*inv(x.17))>), x.15^inv((x.16*x.17)), 
                            'g'^(x.16*x.20), pkA.21, pk(sk.21)>),
                        pkA.21)
    
     67. Ga    = x.15^inv((x.16*x.17))
         c     = enc(<x.18, x.19>, x.15^(x.20*inv((x.17*x.21))))
         ni    = ni.22
         nr    = nr.22
         pkA   = pkA.22
         sk    = sk.22
         y     = (x.16*x.20*inv(x.21))
         z     = x.15^(x.20*inv((x.17*x.21)))
         z.1   = x.19
         z.2   = verify(snd(x.18),
                        up(<up(<ni.22, nr.22, x.15^(x.20*inv((x.17*x.21)))>), 
                            x.15^inv((x.16*x.17)), 'g'^(x.16*x.20*inv(x.21)), pkA.22, pk(sk.22)>),
                        pkA.22)
    
     68. Ga    = x.15^inv((x.16*x.17))
         c     = enc(<<x.18, x.19>, x.20>, x.15^inv(x.17))
         ni    = ni.21
         nr    = nr.21
         pkA   = pkA.21
         sk    = sk.21
         y     = x.16
         z     = x.15^inv(x.17)
         z.1   = x.20
         z.2   = verify(x.19,
                        up(<up(<ni.21, nr.21, x.15^inv(x.17)>), x.15^inv((x.16*x.17)), 'g'^x.16, 
                            pkA.21, pk(sk.21)>),
                        pkA.21)
    
     69. Ga    = x.15^inv((x.16*x.17))
         c     = enc(<<x.18, x.19>, x.20>, x.15^inv((x.17*x.21)))
         ni    = ni.22
         nr    = nr.22
         pkA   = pkA.22
         sk    = sk.22
         y     = (x.16*inv(x.21))
         z     = x.15^inv((x.17*x.21))
         z.1   = x.20
         z.2   = verify(x.19,
                        up(<up(<ni.22, nr.22, x.15^inv((x.17*x.21))>), x.15^inv((x.16*x.17)), 
                            'g'^(x.16*inv(x.21)), pkA.22, pk(sk.22)>),
                        pkA.22)
    
     70. Ga    = x.15^inv((x.16*x.17))
         c     = enc(<<x.18, x.19>, x.20>, x.15^(x.21*inv(x.17)))
         ni    = ni.22
         nr    = nr.22
         pkA   = pkA.22
         sk    = sk.22
         y     = (x.16*x.21)
         z     = x.15^(x.21*inv(x.17))
         z.1   = x.20
         z.2   = verify(x.19,
                        up(<up(<ni.22, nr.22, x.15^(x.21*inv(x.17))>), x.15^inv((x.16*x.17)), 
                            'g'^(x.16*x.21), pkA.22, pk(sk.22)>),
                        pkA.22)
    
     71. Ga    = x.15^inv((x.16*x.17))
         c     = enc(<<x.18, x.19>, x.20>, x.15^(x.21*inv((x.17*x.22))))
         ni    = ni.23
         nr    = nr.23
         pkA   = pkA.23
         sk    = sk.23
         y     = (x.16*x.21*inv(x.22))
         z     = x.15^(x.21*inv((x.17*x.22)))
         z.1   = x.20
         z.2   = verify(x.19,
                        up(<up(<ni.23, nr.23, x.15^(x.21*inv((x.17*x.22)))>), 
                            x.15^inv((x.16*x.17)), 'g'^(x.16*x.21*inv(x.22)), pkA.23, pk(sk.23)>),
                        pkA.23)
    
     72. Ga    = x.15^inv((x.16*x.17))
         c     = enc(<
                      <x.18, 
                       sign(up(<up(<x.19, x.20, x.15^inv(x.17)>), x.15^inv((x.16*x.17)), 
                                'g'^x.16, pk(x.21), pk(x.22)>),
                            x.21)
                      >, 
                      x.23>,
                     x.15^inv(x.17))
         ni    = x.19
         nr    = x.20
         pkA   = pk(x.21)
         sk    = x.22
         y     = x.16
         z     = x.15^inv(x.17)
         z.1   = x.23
         z.2   = true
    
     73. Ga    = x.15^inv((x.16*x.17))
         c     = enc(<
                      <x.18, 
                       sign(up(<up(<x.19, x.20, x.15^inv((x.17*x.21))>), x.15^inv((x.16*x.17)), 
                                'g'^(x.16*inv(x.21)), pk(x.22), pk(x.23)>),
                            x.22)
                      >, 
                      x.24>,
                     x.15^inv((x.17*x.21)))
         ni    = x.19
         nr    = x.20
         pkA   = pk(x.22)
         sk    = x.23
         y     = (x.16*inv(x.21))
         z     = x.15^inv((x.17*x.21))
         z.1   = x.24
         z.2   = true
    
     74. Ga    = x.15^inv((x.16*x.17))
         c     = enc(<
                      <x.18, 
                       sign(up(<up(<x.19, x.20, x.15^(x.21*inv(x.17))>), x.15^inv((x.16*x.17)), 
                                'g'^(x.16*x.21), pk(x.22), pk(x.23)>),
                            x.22)
                      >, 
                      x.24>,
                     x.15^(x.21*inv(x.17)))
         ni    = x.19
         nr    = x.20
         pkA   = pk(x.22)
         sk    = x.23
         y     = (x.16*x.21)
         z     = x.15^(x.21*inv(x.17))
         z.1   = x.24
         z.2   = true
    
     75. Ga    = x.15^inv((x.16*x.17))
         c     = enc(<
                      <x.18, 
                       sign(up(<up(<x.19, x.20, x.15^(x.21*inv((x.16*x.22)))>), 
                                x.15^inv((x.16*x.17)), 'g'^(x.17*x.21*inv(x.22)), pk(x.23), pk(x.24)>),
                            x.23)
                      >, 
                      x.25>,
                     x.15^(x.21*inv((x.16*x.22))))
         ni    = x.19
         nr    = x.20
         pkA   = pk(x.23)
         sk    = x.24
         y     = (x.17*x.21*inv(x.22))
         z     = x.15^(x.21*inv((x.16*x.22)))
         z.1   = x.25
         z.2   = true
    
     76. Ga    = x.15^(x.16*x.17)
         c     = c.18
         ni    = ni.18
         nr    = nr.18
         pkA   = pkA.18
         sk    = sk.18
         y     = inv(x.16)
         z     = x.15^x.17
         z.1   = snd(dec(c.18, x.15^x.17))
         z.2   = verify(snd(fst(dec(c.18, x.15^x.17))),
                        up(<up(<ni.18, nr.18, x.15^x.17>), x.15^(x.16*x.17), 'g'^inv(x.16), 
                            pkA.18, pk(sk.18)>),
                        pkA.18)
    
     77. Ga    = x.15^(x.16*x.17)
         c     = c.26
         ni    = ni.26
         nr    = nr.26
         pkA   = pkA.26
         sk    = sk.26
         y     = inv((x.16*x.25))
         z     = x.15^(x.17*inv(x.25))
         z.1   = snd(dec(c.26, x.15^(x.17*inv(x.25))))
         z.2   = verify(snd(fst(dec(c.26, x.15^(x.17*inv(x.25))))),
                        up(<up(<ni.26, nr.26, x.15^(x.17*inv(x.25))>), x.15^(x.16*x.17), 
                            'g'^inv((x.16*x.25)), pkA.26, pk(sk.26)>),
                        pkA.26)
    
     78. Ga    = x.15^(x.16*x.17)
         c     = c.26
         ni    = ni.26
         nr    = nr.26
         pkA   = pkA.26
         sk    = sk.26
         y     = (x.25*inv(x.16))
         z     = x.15^(x.17*x.25)
         z.1   = snd(dec(c.26, x.15^(x.17*x.25)))
         z.2   = verify(snd(fst(dec(c.26, x.15^(x.17*x.25)))),
                        up(<up(<ni.26, nr.26, x.15^(x.17*x.25)>), x.15^(x.16*x.17), 
                            'g'^(x.25*inv(x.16)), pkA.26, pk(sk.26)>),
                        pkA.26)
    
     79. Ga    = x.15^(x.16*x.17)
         c     = c.27
         ni    = ni.27
         nr    = nr.27
         pkA   = pkA.27
         sk    = sk.27
         y     = (x.25*inv((x.16*x.26)))
         z     = x.15^(x.17*x.25*inv(x.26))
         z.1   = snd(dec(c.27, x.15^(x.17*x.25*inv(x.26))))
         z.2   = verify(snd(fst(dec(c.27, x.15^(x.17*x.25*inv(x.26))))),
                        up(<up(<ni.27, nr.27, x.15^(x.17*x.25*inv(x.26))>), x.15^(x.16*x.17), 
                            'g'^(x.25*inv((x.16*x.26))), pkA.27, pk(sk.27)>),
                        pkA.27)
    
     80. Ga    = x.15^(x.16*x.17)
         c     = enc(x.18, x.15^x.17)
         ni    = ni.19
         nr    = nr.19
         pkA   = pkA.19
         sk    = sk.19
         y     = inv(x.16)
         z     = x.15^x.17
         z.1   = snd(x.18)
         z.2   = verify(snd(fst(x.18)),
                        up(<up(<ni.19, nr.19, x.15^x.17>), x.15^(x.16*x.17), 'g'^inv(x.16), 
                            pkA.19, pk(sk.19)>),
                        pkA.19)
    
     81. Ga    = x.15^(x.16*x.17)
         c     solved goal nr. 94 (precomputed):
    !KU( x.1^(x.2*inv(~x.3)) ) @ #vk.18
  = enc(x.18, x.15^(x.17*x.19))
         ni    = ni.20
         nr    = nr.20
         pkA   = pkA.20
         sk    = sk.20
         y     = (x.19*inv(x.16))
         z     = x.15^(x.17*x.19)
         z.1   = snd(x.18)
         z.2   = verify(snd(fst(x.18)),
                        up(<up(<ni.20, nr.20, x.15^(x.17*x.19)>), x.15^(x.16*x.17), 
                            'g'^(x.19*inv(x.16)), pkA.20, pk(sk.20)>),
                        pkA.20)
    
     82. Ga    = x.15^(x.16*x.17)
         c     = enc(x.18, x.15^(x.17*x.19*inv(x.20)))
         ni    = ni.21
         nr    = nr.21
         pkA   = pkA.21
         sk    = sk.21
         y     = (x.19*inv((x.16*x.20)))
         z     = x.15^(x.17*x.19*inv(x.20))
         z.1   = snd(x.18)
         z.2   = verify(snd(fst(x.18)),
                        up(<up(<ni.21, nr.21, x.15^(x.17*x.19*inv(x.20))>), x.15^(x.16*x.17), 
                            'g'^(x.19*inv((x.16*x.20))), pkA.21, pk(sk.21)>),
                        pkA.21)
    
     83. Ga    = x.15^(x.16*x.17)
         c     = enc(x.18, x.15^(x.17*inv(x.19)))
         ni    = ni.20
         nr    = nr.20
         pkA   = pkA.20
         sk    = sk.20
         y     = inv((x.16*x.19))
         z     = x.15^(x.17*inv(x.19))
         z.1   = snd(x.18)
         z.2   = verify(snd(fst(x.18)),
                        up(<up(<ni.20, nr.20, x.15^(x.17*inv(x.19))>), x.15^(x.16*x.17), 
                            'g'^inv((x.16*x.19)), pkA.20, pk(sk.20)>),
                        pkA.20)
    
     84. Ga    = x.15^(x.16*x.17)
         c     = enc(<x.18, x.19>, x.15^x.17)
         ni    = ni.20
         nr    = nr.20
         pkA   = pkA.20
         sk    = sk.20
         y     = inv(x.16)
         z     = x.15^x.17
         z.1   = x.19
         z.2   = verify(snd(x.18),
                        up(<up(<ni.20, nr.20, x.15^x.17>), x.15^(x.16*x.17), 'g'^inv(x.16), 
                            pkA.20, pk(sk.20)>),
                        pkA.20)
    
     85. Ga    = x.15^(x.16*x.17)
         c     = enc(<x.18, x.19>, x.15^(x.17*x.20))
         ni    = ni.21
         nr    = nr.21
         pkA   = pkA.21
         sk    = sk.21
         y     = (x.20*inv(x.16))
         z     = x.15^(x.17*x.20)
         z.1   = x.19
         z.2   = verify(snd(x.18),
                        up(<up(<ni.21, nr.21, x.15^(x.17*x.20)>), x.15^(x.16*x.17), 
                            'g'^(x.20*inv(x.16)), pkA.21, pk(sk.21)>),
                        pkA.21)
    
     86. Ga    = x.15^(x.16*x.17)
         c     = enc(<x.18, x.19>, x.15^(x.17*x.20*inv(x.21)))
         ni    = ni.22
         nr    = nr.22
         pkA   = pkA.22
         sk    = sk.22
         y     = (x.20*inv((x.16*x.21)))
         z     = x.15^(x.17*x.20*inv(x.21))
         z.1   = x.19
         z.2   = verify(snd(x.18),
                        up(<up(<ni.22, nr.22, x.15^(x.17*x.20*inv(x.21))>), x.15^(x.16*x.17), 
                            'g'^(x.20*inv((x.16*x.21))), pkA.22, pk(sk.22)>),
                        pkA.22)
    
     87. Ga    = x.15^(x.16*x.17)
         c     = enc(<x.18, x.19>, x.15^(x.17*inv(x.20)))
         ni    = ni.21
         nr    = nr.21
         pkA   = pkA.21
         sk    = sk.21
         y     = inv((x.16*x.20))
         z     = x.15^(x.17*inv(x.20))
         z.1   = x.19
         z.2   = verify(snd(x.18),
                        up(<up(<ni.21, nr.21, x.15^(x.17*inv(x.20))>), x.15^(x.16*x.17), 
                            'g'^inv((x.16*x.20)), pkA.21, pk(sk.21)>),
                        pkA.21)
    
     88. Ga    = x.15^(x.16*x.17)
         c     = enc(<<x.18, x.19>, x.20>, x.15^x.17)
         ni    = ni.21
         nr    = nr.21
         pkA   = pkA.21
         sk    = sk.21
         y     = inv(x.16)
         z     = x.15^x.17
         z.1   = x.20
         z.2   = verify(x.19,
                        up(<up(<ni.21, nr.21, x.15^x.17>), x.15^(x.16*x.17), 'g'^inv(x.16), 
                            pkA.21, pk(sk.21)>),
                        pkA.21)
    
     89. Ga    = x.15^(x.16*x.17)
         c     = enc(<<x.18, x.19>, x.20>, x.15^(x.17*x.21))
         ni    = ni.22
         nr    = nr.22
         pkA   = pkA.22
         sk    = sk.22
         y     = (x.21*inv(x.16))
         z     = x.15^(x.17*x.21)
         z.1   = x.20
         z.2   = verify(x.19,
                        up(<up(<ni.22, nr.22, x.15^(x.17*x.21)>), x.15^(x.16*x.17), 
                            'g'^(x.21*inv(x.16)), pkA.22, pk(sk.22)>),
                        pkA.22)
    
     90. Ga    = x.15^(x.16*x.17)
         c     = enc(<<x.18, x.19>, x.20>, x.15^(x.17*x.21*inv(x.22)))
         ni    = ni.23
         nr    = nr.23
         pkA   = pkA.23
         sk    = sk.23
         y     = (x.21*inv((x.16*x.22)))
         z     = x.15^(x.17*x.21*inv(x.22))
         z.1   = x.20
         z.2   = verify(x.19,
                        up(<up(<ni.23, nr.23, x.15^(x.17*x.21*inv(x.22))>), x.15^(x.16*x.17), 
                            'g'^(x.21*inv((x.16*x.22))), pkA.23, pk(sk.23)>),
                        pkA.23)
    
     91. Ga    = x.15^(x.16*x.17)
         c     = enc(<<x.18, x.19>, x.20>, x.15^(x.17*inv(x.21)))
         ni    = ni.22
         nr    = nr.22
         pkA   = pkA.22
         sk    = sk.22
         y     = inv((x.16*x.21))
         z     = x.15^(x.17*inv(x.21))
         z.1   = x.20
         z.2   = verify(x.19,
                        up(<up(<ni.22, nr.22, x.15^(x.17*inv(x.21))>), x.15^(x.16*x.17), 
                            'g'^inv((x.16*x.21)), pkA.22, pk(sk.22)>),
                        pkA.22)
    
     92. Ga    = x.15^(x.16*x.17)
         c     = enc(<
                      <x.18, 
                       sign(up(<up(<x.19, x.20, x.15^x.17>), x.15^(x.16*x.17), 'g'^inv(x.16), 
                                pk(x.21), pk(x.22)>),
                            x.21)
                      >, 
                      x.23>,
                     x.15^x.17)
         ni    = x.19
         nr    = x.20
         pkA   = pk(x.21)
         sk    = x.22
         y     = inv(x.16)
         z     = x.15^x.17
         z.1   = x.23
         z.2   = true
    
     93. Ga    = x.15^(x.16*x.17)
         c     = enc(<
                      <x.18, 
                       sign(up(<up(<x.19, x.20, x.15^(x.17*x.21)>), x.15^(x.16*x.17), 
                                'g'^(x.21*inv(x.16)), pk(x.22), pk(x.23)>),
                            x.22)
                      >, 
                      x.24>,
                     x.15^(x.17*x.21))
         ni    = x.19
         nr    = x.20
         pkA   = pk(x.22)
         sk    = x.23
         y     = (x.21*inv(x.16))
         z     = x.15^(x.17*x.21)
         z.1   = x.24
         z.2   = true
    
     94. Ga    = x.15^(x.16*x.17)
         c     = enc(<
                      <x.18, 
                       sign(up(<up(<x.19, x.20, x.15^(x.17*x.21*inv(x.22))>), x.15^(x.16*x.17), 
                                'g'^(x.21*inv((x.16*x.22))), pk(x.23), pk(x.24)>),
                            x.23)
                      >, 
                      x.25>,
                     x.15^(x.17*x.21*inv(x.22)))
         ni    = x.19
         nr    = x.20
         pkA   = pk(x.23)
         sk    = x.24
         y     = (x.21*inv((x.16*x.22)))
         z     = x.15^(x.17*x.21*inv(x.22))
         z.1   = x.25
         z.2   = true
    
     95. Ga    = x.15^(x.16*x.17)
         c     = enc(<
                      <x.18, 
                       sign(up(<up(<x.19, x.20, x.15^(x.17*inv(x.21))>), x.15^(x.16*x.17), 
                                'g'^inv((x.16*x.21)), pk(x.22), pk(x.23)>),
                            x.22)
                      >, 
                      x.24>,
                     x.15^(x.17*inv(x.21)))
         ni    = x.19
         nr    = x.20
         pkA   = pk(x.22)
         sk    = x.23
         y     = inv((x.16*x.21))
         z     = x.15^(x.17*inv(x.21))
         z.1   = x.24
         z.2   = true
    
     96. Ga    = x.15^(x.16*x.17*inv(x.18))
         c     = c.19
         ni    = ni.19
         nr    = nr.19
         pkA   = pkA.19
         sk    = sk.19
         y     = (x.18*inv(x.16))
         z     = x.15^x.17
         z.1   = snd(dec(c.19, x.15^x.17))
         z.2   = verify(snd(fst(dec(c.19, x.15^x.17))),
                        up(<up(<ni.19, nr.19, x.15^x.17>), x.15^(x.16*x.17*inv(x.18)), 
                            'g'^(x.18*inv(x.16)), pkA.19, pk(sk.19)>),
                        pkA.19)
    
     97. Ga    = x.15^(x.16*x.17*inv(x.18))
         c     = c.27
         ni    = ni.27
         nr    = nr.27
         pkA   = pkA.27
         sk    = sk.27
         y     = inv((x.16*x.26))
         z     = x.15^(x.17*inv((x.18*x.26)))
         z.1   = snd(dec(c.27, x.15^(x.17*inv((x.18*x.26)))))
         z.2   = verify(snd(fst(dec(c.27, x.15^(x.17*inv((x.18*x.26)))))),
                        up(<up(<ni.27, nr.27, x.15^(x.17*inv((x.18*x.26)))>), 
                            x.15^(x.16*x.17*inv(x.18)), 'g'^inv((x.16*x.26)), pkA.27, pk(sk.27)>),
                        pkA.27)
    
     98. Ga    = x.15^(x.16*x.17*inv(x.18))
         c     = c.27
         ni    = ni.27
         nr    = nr.27
         pkA   = pkA.27
         sk    = sk.27
         y     = (x.18*x.26*inv(x.16))
         z     = x.15^(x.17*x.26)
         z.1   = snd(dec(c.27, x.15^(x.17*x.26)))
         z.2   = verify(snd(fst(dec(c.27, x.15^(x.17*x.26)))),
                        up(<up(<ni.27, nr.27, x.15^(x.17*x.26)>), x.15^(x.16*x.17*inv(x.18)), 
                            'g'^(x.18*x.26*inv(x.16)), pkA.27, pk(sk.27)>),
                        pkA.27)
    
     99. Ga    = x.15^(x.16*x.17*inv(x.18))
         c     = c.27
         ni    = ni.27
         nr    = nr.27
         pkA   = pkA.27
         sk    = sk.27
         y     = (x.18*inv((x.16*x.26)))
         z     = x.15^(x.17*inv(x.26))
         z.1   = snd(dec(c.27, x.15^(x.17*inv(x.26))))
         z.2   = verify(snd(fst(dec(c.27, x.15^(x.17*inv(x.26))))),
                        up(<up(<ni.27, nr.27, x.15^(x.17*inv(x.26))>), 
                            x.15^(x.16*x.17*inv(x.18)), 'g'^(x.18*inv((x.16*x.26))), pkA.27, 
                            pk(sk.27)>),
                        pkA.27)
    
    100. Ga    = x.15^(x.16*x.17*inv(x.18))
         c     = c.28
         ni    = ni.28
         nr    = nr.28
         pkA   = pkA.28
         sk    = sk.28
         y     = (x.18*x.26*inv((x.16*x.27)))
         z     = x.15^(x.17*x.26*inv(x.27))
         z.1   = snd(dec(c.28, x.15^(x.17*x.26*inv(x.27))))
         z.2   = verify(snd(fst(dec(c.28, x.15^(x.17*x.26*inv(x.27))))),
                        up(<up(<ni.28, nr.28, x.15^(x.17*x.26*inv(x.27))>), 
                            x.15^(x.16*x.17*inv(x.18)), 'g'^(x.18*x.26*inv((x.16*x.27))), pkA.28, 
                            pk(sk.28)>),
                        pkA.28)
    
    101. Ga    = x.15^(x.16*x.17*inv(x.18))
         c     = c.28
         ni    = ni.28
         nr    = nr.28
         pkA   = pkA.28
         sk    = sk.28
         y     = (x.26*inv((x.16*x.27)))
         z     = x.15^(x.17*x.26*inv((x.18*x.27)))
         z.1   = snd(dec(c.28, x.15^(x.17*x.26*inv((x.18*x.27)))))
         z.2   = verify(snd(fst(dec(c.28, x.15^(x.17*x.26*inv((x.18*x.27)))))),
                        up(<up(<ni.28, nr.28, x.15^(x.17*x.26*inv((x.18*x.27)))>), 
                            x.15^(x.16*x.17*inv(x.18)), 'g'^(x.26*inv((x.16*x.27))), pkA.28, 
                            pk(sk.28)>),
                        pkA.28)
    
    102. Ga    = x.15^(x.16*x.17*inv(x.18))
         c     = enc(x.19, x.15^x.17)
         ni    = ni.20
         nr    = nr.20
         pkA   = pkA.20
         sk    = sk.20
         y     = (x.18*inv(x.16))
         z     = x.15^x.17
         z.1   = snd(x.19)
         z.2   = verify(snd(fst(x.19)),
                        up(<up(<ni.20, nr.20, x.15^x.17>), x.15^(x.16*x.17*inv(x.18)), 
                            'g'^(x.18*inv(x.16)), pkA.20, pk(sk.20)>),
                        pkA.20)
    
    103. Ga    = x.15^(x.16*x.17*inv(x.18))
         c     = enc(x.19, x.15^(x.17*x.20))
         ni    = ni.21
         nr    = nr.21
         pkA   = pkA.21
         sk    = sk.21
         y     = (x.18*x.20*inv(x.16))
         z     = x.15^(x.17*x.20)
         z.1   = snd(x.19)
         z.2   = verify(snd(fst(x.19)),
                        up(<up(<ni.21, nr.21, x.15^(x.17*x.20)>), x.15^(x.16*x.17*inv(x.18)), 
                            'g'^(x.18*x.20*inv(x.16)), pkA.21, pk(sk.21)>),
                        pkA.21)
    
    104. Ga    = x.15^(x.16*x.17*inv(x.18))
         c     = enc(x.19, x.15^(x.17*x.20*inv(x.21)))
         ni    = ni.22
         nr    = nr.22
         pkA   = pkA.22
         sk    = sk.22
         y     = (x.18*x.20*inv((x.16*x.21)))
         z     = x.15^(x.17*x.20*inv(x.21))
         z.1   = snd(x.19)
         z.2   = verify(snd(fst(x.19)),
                        up(<up(<ni.22, nr.22, x.15^(x.17*x.20*inv(x.21))>), 
                            x.15^(x.16*x.17*inv(x.18)), 'g'^(x.18*x.20*inv((x.16*x.21))), pkA.22, 
                            pk(sk.22)>),
                        pkA.22)
    
    105. Ga    = x.15^(x.16*x.17*inv(x.18))
         c     = enc(x.19, x.15^(x.17*x.20*inv((x.18*x.21))))
         ni    = ni.22
         nr    = nr.22
         pkA   = pkA.22
         sk    = sk.22
         y     = (x.20*inv((x.16*x.21)))
         z     = x.15^(x.17*x.20*inv((x.18*x.21)))
         z.1   = snd(x.19)
         z.2   = verify(snd(fst(x.19)),
                        up(<up(<ni.22, nr.22, x.15^(x.17*x.20*inv((x.18*x.21)))>), 
                            x.15^(x.16*x.17*inv(x.18)), 'g'^(x.20*inv((x.16*x.21))), pkA.22, 
                            pk(sk.22)>),
                        pkA.22)
    
    106. Ga    = x.15^(x.16*x.17*inv(x.18))
         c     = enc(x.19, x.15^(x.17*inv(x.20)))
         ni    = ni.21
         nr    = nr.21
         pkA   = pkA.21
         sk    = sk.21
         y     = (x.18*inv((x.16*x.20)))
         z     = x.15^(x.17*inv(x.20))
         z.1   = snd(x.19)
         z.2   = verify(snd(fst(x.19)),
                        up(<up(<ni.21, nr.21, x.15^(x.17*inv(x.20))>), 
                            x.15^(x.16*x.17*inv(x.18)), 'g'^(x.18*inv((x.16*x.20))), pkA.21, 
                            pk(sk.21)>),
                        pkA.21)
    
    107. Ga    = x.15^(x.16*x.17*inv(x.18))
         c     = enc(x.19, x.15^(x.17*inv((x.18*x.20))))
         ni    = ni.21
         nr    = nr.21
         pkA   = pkA.21
         sk    = sk.21
         y     = inv((x.16*x.20))
         z     = x.15^(x.17*inv((x.18*x.20)))
         z.1   = snd(x.19)
         z.2   = verify(snd(fst(x.19)),
                        up(<up(<ni.21, nr.21, x.15^(x.17*inv((x.18*x.20)))>), 
                            x.15^(x.16*x.17*inv(x.18)), 'g'^inv((x.16*x.20)), pkA.21, pk(sk.21)>),
                        pkA.21)
    
    108. Ga    = x.15^(x.16*x.17*inv(x.18))
         c     = enc(<x.19, x.20>, x.15^x.17)
         ni    = ni.21
         nr    = nr.21
         pkA   = pkA.21
         sk    = sk.21
         y     = (x.18*inv(x.16))
         z     = x.15^x.17
         z.1   = x.20
         z.2   = verify(snd(x.19),
                        up(<up(<ni.21, nr.21, x.15^x.17>), x.15^(x.16*x.17*inv(x.18)), 
                            'g'^(x.18*inv(x.16)), pkA.21, pk(sk.21)>),
                        pkA.21)
    
    109. Ga    = x.15^(x.16*x.17*inv(x.18))
         c     = enc(<x.19, x.20>, x.15^(x.17*x.21))
         ni    = ni.22
         nr    = nr.22
         pkA   = pkA.22
         sk    = sk.22
         y     = (x.18*x.21*inv(x.16))
         z     = x.15^(x.17*x.21)
         z.1   = x.20
         z.2   = verify(snd(x.19),
                        up(<up(<ni.22, nr.22, x.15^(x.17*x.21)>), x.15^(x.16*x.17*inv(x.18)), 
                            'g'^(x.18*x.21*inv(x.16)), pkA.22, pk(sk.22)>),
                        pkA.22)
    
    110. Ga    = x.15^(x.16*x.17*inv(x.18))
         c     = enc(<x.19, x.20>, x.15^(x.17*x.21*inv(x.22)))
         ni    = ni.23
         nr    = nr.23
         pkA   = pkA.23
         sk    = sk.23
         y     = (x.18*x.21*inv((x.16*x.22)))
         z     = x.15^(x.17*x.21*inv(x.22))
         z.1   = x.20
         z.2   = verify(snd(x.19),
                        up(<up(<ni.23, nr.23, x.15^(x.17*x.21*inv(x.22))>), 
                            x.15^(x.16*x.17*inv(x.18)), 'g'^(x.18*x.21*inv((x.16*x.22))), pkA.23, 
                            pk(sk.23)>),
                        pkA.23)
    
    111. Ga    = x.15^(x.16*x.17*inv(x.18))
         c     = enc(<x.19, x.20>, x.15^(x.17*x.21*inv((x.18*x.22))))
         ni    = ni.23
         nr    = nr.23
         pkA   = pkA.23
         sk    = sk.23
         y     = (x.21*inv((x.16*x.22)))
         z     = x.15^(x.17*x.21*inv((x.18*x.22)))
         z.1   = x.20
         z.2   = verify(snd(x.19),
                        up(<up(<ni.23, nr.23, x.15^(x.17*x.21*inv((x.18*x.22)))>), 
                            x.15^(x.16*x.17*inv(x.18)), 'g'^(x.21*inv((x.16*x.22))), pkA.23, 
                            pk(sk.23)>),
                        pkA.23)
    
    112. Ga    = x.15^(x.16*x.17*inv(x.18))
         c     = enc(<x.19, x.20>, x.15^(x.17*inv(x.21)))
         ni    = ni.22
         nr    = nr.22
         pkA   = pkA.22
         sk    = sk.22
         y     = (x.18*inv((x.16*x.21)))
         z     = x.15^(x.17*inv(x.21))
         z.1   = x.20
         z.2   = verify(snd(x.19),
                        up(<up(<ni.22, nr.22, x.15^(x.17*inv(x.21))>), 
                            x.15^(x.16*x.17*inv(x.18)), 'g'^(x.18*inv((x.16*x.21))), pkA.22, 
                            pk(sk.22)>),
                        pkA.22)
    
    113. Ga    = x.15^(x.16*x.17*inv(x.18))
         c     = enc(<x.19, x.20>, x.15^(x.17*inv((x.18*x.21))))
         ni    = ni.22
         nr    = nr.22
         pkA   = pkA.22
         sk    = sk.22
         y     = inv((x.16*x.21))
         z     = x.15^(x.17*inv((x.18*x.21)))
         z.1   = x.20
         z.2   = verify(snd(x.19),
                        up(<up(<ni.22, nr.22, x.15^(x.17*inv((x.18*x.21)))>), 
                            x.15^(x.16*x.17*inv(x.18)), 'g'^inv((x.16*x.21)), pkA.22, pk(sk.22)>),
                        pkA.22)
    
    114. Ga    = x.15^(x.16*x.17*inv(x.18))
         c     = enc(<<x.19, x.20>, x.21>, x.15^x.17)
         ni    = ni.22
         nr    = nr.22
         pkA   = pkA.22
         sk    = sk.22
         y     = (x.18*inv(x.16))
         z     = x.15^x.17
         z.1   = x.21
         z.2   = verify(x.20,
                        up(<up(<ni.22, nr.22, x.15^x.17>), x.15^(x.16*x.17*inv(x.18)), 
                            'g'^(x.18*inv(x.16)), pkA.22, pk(sk.22)>),
                        pkA.22)
    
    115. Ga    = x.15^(x.16*x.17*inv(x.18))
         c     = enc(<<x.19, x.20>, x.21>, x.15^(x.17*x.22))
         ni    = ni.23
         nr    = nr.23
         pkA   = pkA.23
         sk    = sk.23
         y     = (x.18*x.22*inv(x.16))
         z     = x.15^(x.17*x.22)
         z.1   = x.21
         z.2   = verify(x.20,
                        up(<up(<ni.23, nr.23, x.15^(x.17*x.22)>), x.15^(x.16*x.17*inv(x.18)), 
                            'g'^(x.18*x.22*inv(x.16)), pkA.23, pk(sk.23)>),
                        pkA.23)
    
    116. Ga    = x.15^(x.16*x.17*inv(x.18))
         c     = enc(<<x.19, x.20>, x.21>, x.15^(x.17*x.22*inv(x.23)))
         ni    = ni.24
         nr    = nr.24
         pkA   = pkA.24
         sk    = sk.24
         y     = (x.18*x.22*inv((x.16*x.23)))
         z     = x.15^(x.17*x.22*inv(x.23))
         z.1   = x.21
         z.2   = verify(x.20,
                        up(<up(<ni.24, nr.24, x.15^(x.17*x.22*inv(x.23))>), 
                            x.15^(x.16*x.17*inv(x.18)), 'g'^(x.18*x.22*inv((x.16*x.23))), pkA.24, 
                            pk(sk.24)>),
                        pkA.24)
    
    117. Ga    = x.15^(x.16*x.17*inv(x.18))
         c     = enc(<<x.19, x.20>, x.21>, x.15^(x.17*x.22*inv((x.18*x.23))))
         ni    = ni.24
         nr    = nr.24
         pkA   = pkA.24
         sk    = sk.24
         y     = (x.22*inv((x.16*x.23)))
         z     = x.15^(x.17*x.22*inv((x.18*x.23)))
         z.1   = x.21
         z.2   = verify(x.20,
                        up(<up(<ni.24, nr.24, x.15^(x.17*x.22*inv((x.18*x.23)))>), 
                            x.15^(x.16*x.17*inv(x.18)), 'g'^(x.22*inv((x.16*x.23))), pkA.24, 
                            pk(sk.24)>),
                        pkA.24)
    
    118. Ga    = x.15^(x.16*x.17*inv(x.18))
         c     = enc(<<x.19, x.20>, x.21>, x.15^(x.17*inv(x.22)))
         ni    = ni.23
         nr    = nr.23
         pkA   = pkA.23
         sk    = sk.23
         y     = (x.18*inv((x.16*x.22)))
         z     = x.15^(x.17*inv(x.22))
         z.1   = x.21
         z.2   = verify(x.20,
                        up(<up(<ni.23, nr.23, x.15^(x.17*inv(x.22))>), 
                            x.15^(x.16*x.17*inv(x.18)), 'g'^(x.18*inv((x.16*x.22))), pkA.23, 
                            pk(sk.23)>),
                        pkA.23)
    
    119. Ga    = x.15^(x.16*x.17*inv(x.18))
         c     = enc(<<x.19, x.20>, x.21>, x.15^(x.17*inv((x.18*x.22))))
         ni    = ni.23
         nr    = nr.23
         pkA   = pkA.23
         sk    = sk.23
         y     = inv((x.16*x.22))
         z     = x.15^(x.17*inv((x.18*x.22)))
         z.1   = x.21
         z.2   = verify(x.20,
                        up(<up(<ni.23, nr.23, x.15^(x.17*inv((x.18*x.22)))>), 
                            x.15^(x.16*x.17*inv(x.18)), 'g'^inv((x.16*x.22)), pkA.23, pk(sk.23)>),
                        pkA.23)
    
    120. Ga    = x.15^(x.16*x.17*inv(x.18))
         c     = enc(<
                      <x.19, 
                       sign(up(<up(<x.20, x.21, x.15^x.17>), x.15^(x.16*x.17*inv(x.18)), 
                                'g'^(x.18*inv(x.16)), pk(x.22), pk(x.23)>),
                            x.22)
                      >, 
                      x.24>,
                     x.15^x.17)
         ni    = x.20
         nr    = x.21
         pkA   = pk(x.22)
         sk    = x.23
         y     = (x.18*inv(x.16))
         z     = x.15^x.17
         z.1   = x.24
         z.2   = true
    
    121. Ga    = x.15^(x.16*x.17*inv(x.18))
         c     = enc(<
                      <x.19, 
                       sign(up(<up(<x.20, x.21, x.15^(x.16*inv((x.18*x.22)))>), 
                                x.15^(x.16*x.17*inv(x.18)), 'g'^inv((x.17*x.22)), pk(x.23), pk(x.24)>),
                            x.23)
                      >, 
                      x.25>,
                     x.15^(x.16*inv((x.18*x.22))))
         ni    = x.20
         nr    = x.21
         pkA   = pk(x.23)
         sk    = x.24
         y     = inv((x.17*x.22))
         z     = x.15^(x.16*inv((x.18*x.22)))
         z.1   = x.25
         z.2   = true
    
    122. Ga    = x.15^(x.16*x.17*inv(x.18))
         c     = enc(<
                      <x.19, 
                       sign(up(<up(<x.20, x.21, x.15^(x.17*x.22)>), x.15^(x.16*x.17*inv(x.18)), 
                                'g'^(x.18*x.22*inv(x.16)), pk(x.23), pk(x.24)>),
                            x.23)
                      >, 
                      x.25>,
                     x.15^(x.17*x.22))
         ni    = x.20
         nr    = x.21
         pkA   = pk(x.23)
         sk    = x.24
         y     = (x.18*x.22*inv(x.16))
         z     = x.15^(x.17*x.22)
         z.1   = x.25
         z.2   = true
    
    123. Ga    = x.15^(x.16*x.17*inv(x.18))
         c     = enc(<
                      <x.19, 
                       sign(up(<up(<x.20, x.21, x.15^(x.17*x.22*inv(x.23))>), 
                                x.15^(x.16*x.17*inv(x.18)), 'g'^(x.18*x.22*inv((x.16*x.23))), pk(x.24), 
                                pk(x.25)>),
                            x.24)
                      >, 
                      x.26>,
                     x.15^(x.17*x.22*inv(x.23)))
         ni    = x.20
         nr    = x.21
         pkA   = pk(x.24)
         sk    = x.25
         y     = (x.18*x.22*inv((x.16*x.23)))
         z     = x.15^(x.17*x.22*inv(x.23))
         z.1   = x.26
         z.2   = true
    
    124. Ga    = x.15^(x.16*x.17*inv(x.18))
         c     = enc(<
                      <x.19, 
                       sign(up(<up(<x.20, x.21, x.15^(x.17*x.22*inv((x.18*x.23)))>), 
                                x.15^(x.16*x.17*inv(x.18)), 'g'^(x.22*inv((x.16*x.23))), pk(x.24), 
                                pk(x.25)>),
                            x.24)
                      >, 
                      x.26>,
                     x.15^(x.17*x.22*inv((x.18*x.23))))
         ni    = x.20
         nr    = x.21
         pkA   = pk(x.24)
         sk    = x.25
         y     = (x.22*inv((x.16*x.23)))
         z     = x.15^(x.17*x.22*inv((x.18*x.23)))
         z.1   = x.26
         z.2   = true
    
    125. Ga    = x.15^(x.16*x.17*inv(x.18))
         c     = enc(<
                      <x.19, 
                       sign(up(<up(<x.20, x.21, x.15^(x.17*inv(x.22))>), 
                                x.15^(x.16*x.17*inv(x.18)), 'g'^(x.18*inv((x.16*x.22))), pk(x.23), 
                                pk(x.24)>),
                            x.23)
                      >, 
                      x.25>,
                     x.15^(x.17*inv(x.22)))
         ni    = x.20
         nr    = x.21
         pkA   = pk(x.23)
         sk    = x.24
         y     = (x.18*inv((x.16*x.22)))
         z     = x.15^(x.17*inv(x.22))
         z.1   = x.25
         z.2   = true
    
    126. Ga    = x.15^(x.16*x.17*inv((x.18*x.19)))
         c     = c.20
         ni    = ni.20
         nr    = nr.20
         pkA   = pkA.20
         sk    = sk.20
         y     = (x.18*inv(x.16))
         z     = x.15^(x.17*inv(x.19))
         z.1   = snd(dec(c.20, x.15^(x.17*inv(x.19))))
         z.2   = verify(snd(fst(dec(c.20, x.15^(x.17*inv(x.19))))),
                        up(<up(<ni.20, nr.20, x.15^(x.17*inv(x.19))>), 
                            x.15^(x.16*x.17*inv((x.18*x.19))), 'g'^(x.18*inv(x.16)), pkA.20, 
                            pk(sk.20)>),
                        pkA.20)
    
    127. Ga    = x.15^(x.16*x.17*inv((x.18*x.19)))
         c     = c.28
         ni    = ni.28
         nr    = nr.28
         pkA   = pkA.28
         sk    = sk.28
         y     = (x.18*x.27*inv(x.16))
         z     = x.15^(x.17*x.27*inv(x.19))
         z.1   = snd(dec(c.28, x.15^(x.17*x.27*inv(x.19))))
         z.2   = verify(snd(fst(dec(c.28, x.15^(x.17*x.27*inv(x.19))))),
                        up(<up(<ni.28, nr.28, x.15^(x.17*x.27*inv(x.19))>), 
                            x.15^(x.16*x.17*inv((x.18*x.19))), 'g'^(x.18*x.27*inv(x.16)), pkA.28, 
                            pk(sk.28)>),
                        pkA.28)
    
    128. Ga    = x.15^(x.16*x.17*inv((x.18*x.19)))
         c     = c.28
         ni    = ni.28
         nr    = nr.28
         pkA   = pkA.28
         sk    = sk.28
         y     = (x.18*inv((x.16*x.27)))
         z     = x.15^(x.17*inv((x.19*x.27)))
         z.1   = snd(dec(c.28, x.15^(x.17*inv((x.19*x.27)))))
         z.2   = verify(snd(fst(dec(c.28, x.15^(x.17*inv((x.19*x.27)))))),
                        up(<up(<ni.28, nr.28, x.15^(x.17*inv((x.19*x.27)))>), 
                            x.15^(x.16*x.17*inv((x.18*x.19))), 'g'^(x.18*inv((x.16*x.27))), pkA.28, 
                            pk(sk.28)>),
                        pkA.28)
    
    129. Ga    = x.15^(x.16*x.17*inv((x.18*x.19)))
         c     = c.29
         ni    = ni.29
         nr    = nr.29
         pkA   = pkA.29
         sk    = sk.29
         y     = (x.18*x.27*inv((x.16*x.28)))
         z     = x.15^(x.17*x.27*inv((x.19*x.28)))
         z.1   = snd(dec(c.29, x.15^(x.17*x.27*inv((x.19*x.28)))))
         z.2   = verify(snd(fst(dec(c.29, x.15^(x.17*x.27*inv((x.19*x.28)))))),
                        up(<up(<ni.29, nr.29, x.15^(x.17*x.27*inv((x.19*x.28)))>), 
                            x.15^(x.16*x.17*inv((x.18*x.19))), 'g'^(x.18*x.27*inv((x.16*x.28))), 
                            pkA.29, pk(sk.29)>),
                        pkA.29)
    
    130. Ga    = x.15^(x.16*x.17*inv((x.18*x.19)))
         c     = enc(x.20, x.15^(x.17*x.21*inv(x.19)))
         ni    = ni.22
         nr    = nr.22
         pkA   = pkA.22
         sk    = sk.22
         y     = (x.18*x.21*inv(x.16))
         z     = x.15^(x.17*x.21*inv(x.19))
         z.1   = snd(x.20)
         z.2   = verify(snd(fst(x.20)),
                        up(<up(<ni.22, nr.22, x.15^(x.17*x.21*inv(x.19))>), 
                            x.15^(x.16*x.17*inv((x.18*x.19))), 'g'^(x.18*x.21*inv(x.16)), pkA.22, 
                            pk(sk.22)>),
                        pkA.22)
    
    131. Ga    = x.15^(x.16*x.17*inv((x.18*x.19)))
         c     = enc(x.20, x.15^(x.17*x.21*inv((x.19*x.22))))
         ni    = ni.23
         nr    = nr.23
         pkA   = pkA.23
         sk    = sk.23
         y     = (x.18*x.21*inv((x.16*x.22)))
         z     = x.15^(x.17*x.21*inv((x.19*x.22)))
         z.1   = snd(x.20)
         z.2   = verify(snd(fst(x.20)),
                        up(<up(<ni.23, nr.23, x.15^(x.17*x.21*inv((x.19*x.22)))>), 
                            x.15^(x.16*x.17*inv((x.18*x.19))), 'g'^(x.18*x.21*inv((x.16*x.22))), 
                            pkA.23, pk(sk.23)>),
                        pkA.23)
    
    132. Ga    = x.15^(x.16*x.17*inv((x.18*x.19)))
         c     = enc(x.20, x.15^(x.17*inv(x.19)))
         ni    = ni.21
         nr    = nr.21
         pkA   = pkA.21
         sk    = sk.21
         y     = (x.18*inv(x.16))
         z     = x.15^(x.17*inv(x.19))
         z.1   = snd(x.20)
         z.2   = verify(snd(fst(x.20)),
                        up(<up(<ni.21, nr.21, x.15^(x.17*inv(x.19))>), 
                            x.15^(x.16*x.17*inv((x.18*x.19))), 'g'^(x.18*inv(x.16)), pkA.21, 
                            pk(sk.21)>),
                        pkA.21)
    
    133. Ga    = x.15^(x.16*x.17*inv((x.18*x.19)))
         c     = enc(x.20, x.15^(x.17*inv((x.19*x.21))))
         ni    = ni.22
         nr    = nr.22
         pkA   = pkA.22
         sk    = sk.22
         y     = (x.18*inv((x.16*x.21)))
         z     = x.15^(x.17*inv((x.19*x.21)))
         z.1   = snd(x.20)
         z.2   = verify(snd(fst(x.20)),
                        up(<up(<ni.22, nr.22, x.15^(x.17*inv((x.19*x.21)))>), 
                            x.15^(x.16*x.17*inv((x.18*x.19))), 'g'^(x.18*inv((x.16*x.21))), pkA.22, 
                            pk(sk.22)>),
                        pkA.22)
    
    134. Ga    = x.15^(x.16*x.17*inv((x.18*x.19)))
         c     = enc(<x.20, x.21>, x.15^(x.17*x.22*inv(x.19)))
         ni    = ni.23
         nr    = nr.23
         pkA   = pkA.23
         sk    = sk.23
         y     = (x.18*x.22*inv(x.16))
         z     = x.15^(x.17*x.22*inv(x.19))
         z.1   = x.21
         z.2   = verify(snd(x.20),
                        up(<up(<ni.23, nr.23, x.15^(x.17*x.22*inv(x.19))>), 
                            x.15^(x.16*x.17*inv((x.18*x.19))), 'g'^(x.18*x.22*inv(x.16)), pkA.23, 
                            pk(sk.23)>),
                        pkA.23)
    
    135. Ga    = x.15^(x.16*x.17*inv((x.18*x.19)))
         c     = enc(<x.20, x.21>, x.15^(x.17*x.22*inv((x.19*x.23))))
         ni    = ni.24
         nr    = nr.24
         pkA   = pkA.24
         sk    = sk.24
         y     = (x.18*x.22*inv((x.16*x.23)))
         z     = x.15^(x.17*x.22*inv((x.19*x.23)))
         z.1   = x.21
         z.2   = verify(snd(x.20),
                        up(<up(<ni.24, nr.24, x.15^(x.17*x.22*inv((x.19*x.23)))>), 
                            x.15^(x.16*x.17*inv((x.18*x.19))), 'g'^(x.18*x.22*inv((x.16*x.23))), 
                            pkA.24, pk(sk.24)>),
                        pkA.24)
    
    136. Ga    = x.15^(x.16*x.17*inv((x.18*x.19)))
         c     = enc(<x.20, x.21>, x.15^(x.17*inv(x.19)))
         ni    = ni.22
         nr    = nr.22
         pkA   = pkA.22
         sk    = sk.22
         y     = (x.18*inv(x.16))
         z     = x.15^(x.17*inv(x.19))
         z.1   = x.21
         z.2   = verify(snd(x.20),
                        up(<up(<ni.22, nr.22, x.15^(x.17*inv(x.19))>), 
                            x.15^(x.16*x.17*inv((x.18*x.19))), 'g'^(x.18*inv(x.16)), pkA.22, 
                            pk(sk.22)>),
                        pkA.22)
    
    137. Ga    = x.15^(x.16*x.17*inv((x.18*x.19)))
         c     = enc(<x.20, x.21>, x.15^(x.17*inv((x.19*x.22))))
         ni    = ni.23
         nr    = nr.23
         pkA   = pkA.23
         sk    = sk.23
         y     = (x.18*inv((x.16*x.22)))
         z     = x.15^(x.17*inv((x.19*x.22)))
         z.1   = x.21
         z.2   = verify(snd(x.20),
                        up(<up(<ni.23, nr.23, x.15^(x.17*inv((x.19*x.22)))>), 
                            x.15^(x.16*x.17*inv((x.18*x.19))), 'g'^(x.18*inv((x.16*x.22))), pkA.23, 
                            pk(sk.23)>),
                        pkA.23)
    
    138. Ga    = x.15^(x.16*x.17*inv((x.18*x.19)))
         c     = enc(<<x.20, x.21>, x.22>, x.15^(x.17*x.23*inv(x.19)))
         ni    = ni.24
         nr    = nr.24
         pkA   = pkA.24
         sk    = sk.24
         y     = (x.18*x.23*inv(x.16))
         z     = x.15^(x.17*x.23*inv(x.19))
         z.1   = x.22
         z.2   = verify(x.21,
                        up(<up(<ni.24, nr.24, x.15^(x.17*x.23*inv(x.19))>), 
                            x.15^(x.16*x.17*inv((x.18*x.19))), 'g'^(x.18*x.23*inv(x.16)), pkA.24, 
                            pk(sk.24)>),
                        pkA.24)
    
    139. Ga    = x.15^(x.16*x.17*inv((x.18*x.19)))
         c     = enc(<<x.20, x.21>, x.22>, x.15^(x.17*x.23*inv((x.19*x.24))))
         ni    = ni.25
         nr    = nr.25
         pkA   = pkA.25
         sk    = sk.25
         y     = (x.18*x.23*inv((x.16*x.24)))
         z     = x.15^(x.17*x.23*inv((x.19*x.24)))
         z.1   = x.22
         z.2   = verify(x.21,
                        up(<up(<ni.25, nr.25, x.15^(x.17*x.23*inv((x.19*x.24)))>), 
                            x.15^(x.16*x.17*inv((x.18*x.19))), 'g'^(x.18*x.23*inv((x.16*x.24))), 
                            pkA.25, pk(sk.25)>),
                        pkA.25)
    
    140. Ga    = x.15^(x.16*x.17*inv((x.18*x.19)))
         c     = enc(<<x.20, x.21>, x.22>, x.15^(x.17*inv(x.19)))
         ni    = ni.23
         nr    = nr.23
         pkA   = pkA.23
         sk    = sk.23
         y     = (x.18*inv(x.16))
         z     = x.15^(x.17*inv(x.19))
         z.1   = x.22
         z.2   = verify(x.21,
                        up(<up(<ni.23, nr.23, x.15^(x.17*inv(x.19))>), 
                            x.15^(x.16*x.17*inv((x.18*x.19))), 'g'^(x.18*inv(x.16)), pkA.23, 
                            pk(sk.23)>),
                        pkA.23)
    
    141. Ga    = x.15^(x.16*x.17*inv((x.18*x.19)))
         c     = enc(<<x.20, x.21>, x.22>, x.15^(x.17*inv((x.19*x.23))))
         ni    = ni.24
         nr    = nr.24
         pkA   = pkA.24
         sk    = sk.24
         y     = (x.18*inv((x.16*x.23)))
         z     = x.15^(x.17*inv((x.19*x.23)))
         z.1   = x.22
         z.2   = verify(x.21,
                        up(<up(<ni.24, nr.24, x.15^(x.17*inv((x.19*x.23)))>), 
                            x.15^(x.16*x.17*inv((x.18*x.19))), 'g'^(x.18*inv((x.16*x.23))), pkA.24, 
                            pk(sk.24)>),
                        pkA.24)
    
    142. Ga    = x.15^(x.16*x.17*inv((x.18*x.19)))
         c     = enc(<
                      <x.20, 
                       sign(up(<up(<x.21, x.22, x.15^(x.16*x.23*inv(x.19))>), 
                                x.15^(x.16*x.17*inv((x.18*x.19))), 'g'^(x.18*x.23*inv(x.17)), pk(x.24), 
                                pk(x.25)>),
                            x.24)
                      >, 
                      x.26>,
                     x.15^(x.16*x.23*inv(x.19)))
         ni    = x.21
         nr    = x.22
         pkA   = pk(x.24)
         sk    = x.25
         y     = (x.18*x.23*inv(x.17))
         z     = x.15^(x.16*x.23*inv(x.19))
         z.1   = x.26
         z.2   = true
    
    143. Ga    = x.15^(x.16*x.17*inv((x.18*x.19)))
         c     = enc(<
                      <x.20, 
                       sign(up(<up(<x.21, x.22, x.15^(x.16*inv(x.19))>), 
                                x.15^(x.16*x.17*inv((x.18*x.19))), 'g'^(x.18*inv(x.17)), pk(x.23), 
                                pk(x.24)>),
                            x.23)
                      >, 
                      x.25>,
                     x.15^(x.16*inv(x.19)))
         ni    = x.21
         nr    = x.22
         pkA   = pk(x.23)
         sk    = x.24
         y     = (x.18*inv(x.17))
         z     = x.15^(x.16*inv(x.19))
         z.1   = x.25
         z.2   = true
    
    144. Ga    = x.15^(x.16*x.17*inv((x.18*x.19)))
         c     = enc(<
                      <x.20, 
                       sign(up(<up(<x.21, x.22, x.15^(x.17*x.23*inv((x.18*x.24)))>), 
                                x.15^(x.16*x.17*inv((x.18*x.19))), 'g'^(x.19*x.23*inv((x.16*x.24))), 
                                pk(x.25), pk(x.26)>),
                            x.25)
                      >, 
                      x.27>,
                     x.15^(x.17*x.23*inv((x.18*x.24))))
         ni    = x.21
         nr    = x.22
         pkA   = pk(x.25)
         sk    = x.26
         y     = (x.19*x.23*inv((x.16*x.24)))
         z     = x.15^(x.17*x.23*inv((x.18*x.24)))
         z.1   = x.27
         z.2   = true
    
    145. Ga    = x.15^(x.16*x.17*inv((x.18*x.19)))
         c     = enc(<
                      <x.20, 
                       sign(up(<up(<x.21, x.22, x.15^(x.17*inv((x.18*x.23)))>), 
                                x.15^(x.16*x.17*inv((x.18*x.19))), 'g'^(x.19*inv((x.16*x.23))), 
                                pk(x.24), pk(x.25)>),
                            x.24)
                      >, 
                      x.26>,
                     x.15^(x.17*inv((x.18*x.23))))
         ni    = x.21
         nr    = x.22
         pkA   = pk(x.24)
         sk    = x.25
         y     = (x.19*inv((x.16*x.23)))
         z     = x.15^(x.17*inv((x.18*x.23)))
         z.1   = x.26
         z.2   = true
    
    146. Ga    = x.15^(x.16*inv(x.17))
         c     = c.18
         ni    = ni.18
         nr    = nr.18
         pkA   = pkA.18
         sk    = sk.18
         y     = x.17
         z     = x.15^x.16
         z.1   = snd(dec(c.18, x.15^x.16))
         z.2   = verify(snd(fst(dec(c.18, x.15^x.16))),
                        up(<up(<ni.18, nr.18, x.15^x.16>), x.15^(x.16*inv(x.17)), 'g'^x.17, 
                            pkA.18, pk(sk.18)>),
                        pkA.18)
    
    147. Ga    = x.15^(x.16*inv(x.17))
         c     = c.18
         ni    = ni.18
         nr    = nr.18
         pkA   = pkA.18
         sk    = sk.18
         y     = (x.17*inv(x.16))
         z     = x.15
         z.1   = snd(dec(c.18, x.15))
         z.2   = verify(snd(fst(dec(c.18, x.15))),
                        up(<up(<ni.18, nr.18, x.15>), x.15^(x.16*inv(x.17)), 
                            'g'^(x.17*inv(x.16)), pkA.18, pk(sk.18)>),
                        pkA.18)
    
    148. Ga    = x.15^(x.16*inv(x.17))
         c     = c.26
         ni    = ni.26
         nr    = nr.26
         pkA   = pkA.26
         sk    = sk.26
         y     = inv(x.25)
         z     = x.15^(x.16*inv((x.17*x.25)))
         z.1   = snd(dec(c.26, x.15^(x.16*inv((x.17*x.25)))))
         z.2   = verify(snd(fst(dec(c.26, x.15^(x.16*inv((x.17*x.25)))))),
                        up(<up(<ni.26, nr.26, x.15^(x.16*inv((x.17*x.25)))>), 
                            x.15^(x.16*inv(x.17)), 'g'^inv(x.25), pkA.26, pk(sk.26)>),
                        pkA.26)
    
    149. Ga    = x.15^(x.16*inv(x.17))
         c     = c.26
         ni    = ni.26
         nr    = nr.26
         pkA   = pkA.26
         sk    = sk.26
         y     = inv((x.16*x.25))
         z     = x.15^inv((x.17*x.25))
         z.1   = snd(dec(c.26, x.15^inv((x.17*x.25))))
         z.2   = verify(snd(fst(dec(c.26, x.15^inv((x.17*x.25))))),
                        up(<up(<ni.26, nr.26, x.15^inv((x.17*x.25))>), x.15^(x.16*inv(x.17)), 
                            'g'^inv((x.16*x.25)), pkA.26, pk(sk.26)>),
                        pkA.26)
    
    150. Ga    = x.15^(x.16*inv(x.17))
         c     = c.26
         ni    = ni.26
         nr    = nr.26
         pkA   = pkA.26
         sk    = sk.26
         y     = (x.17*x.25)
         z     = x.15^(x.16*x.25)
         z.1   = snd(dec(c.26, x.15^(x.16*x.25)))
         z.2   = verify(snd(fst(dec(c.26, x.15^(x.16*x.25)))),
                        up(<up(<ni.26, nr.26, x.15^(x.16*x.25)>), x.15^(x.16*inv(x.17)), 
                            'g'^(x.17*x.25), pkA.26, pk(sk.26)>),
                        pkA.26)
    
    151. Ga    = x.15^(x.16*inv(x.17))
         c     = c.26
         ni    = ni.26
         nr    = nr.26
         pkA   = pkA.26
         sk    = sk.26
         y     = (x.17*x.25*inv(x.16))
         z     = x.15^x.25
         z.1   = snd(dec(c.26, x.15^x.25))
         z.2   = verify(snd(fst(dec(c.26, x.15^x.25))),
                        up(<up(<ni.26, nr.26, x.15^x.25>), x.15^(x.16*inv(x.17)), 
                            'g'^(x.17*x.25*inv(x.16)), pkA.26, pk(sk.26)>),
                        pkA.26)
    
    152. Ga    = x.15^(x.16*inv(x.17))
         c     = c.26
         ni    = ni.26
         nr    = nr.26
         pkA   = pkA.26
         sk    = sk.26
         y     = (x.17*inv((x.16*x.25)))
         z     = x.15^inv(x.25)
         z.1   = snd(dec(c.26, x.15^inv(x.25)))
         z.2   = verify(snd(fst(dec(c.26, x.15^inv(x.25)))),
                        up(<up(<ni.26, nr.26, x.15^inv(x.25)>), x.15^(x.16*inv(x.17)), 
                            'g'^(x.17*inv((x.16*x.25))), pkA.26, pk(sk.26)>),
                        pkA.26)
    
    153. Ga    = x.15^(x.16*inv(x.17))
         c     = c.27
         ni    = ni.27
         nr    = nr.27
         pkA   = pkA.27
         sk    = sk.27
         y     = (x.17*x.25*inv((x.16*x.26)))
         z     = x.15^(x.25*inv(x.26))
         z.1   = snd(dec(c.27, x.15^(x.25*inv(x.26))))
         z.2   = verify(snd(fst(dec(c.27, x.15^(x.25*inv(x.26))))),
                        up(<up(<ni.27, nr.27, x.15^(x.25*inv(x.26))>), x.15^(x.16*inv(x.17)), 
                            'g'^(x.17*x.25*inv((x.16*x.26))), pkA.27, pk(sk.27)>),
                        pkA.27)
    
    154. Ga    = x.15^(x.16*inv(x.17))
         c     = c.27
         ni    = ni.27
         nr    = nr.27
         pkA   = pkA.27
         sk    = sk.27
         y     = (x.25*inv(x.26))
         z     = x.15^(x.16*x.25*inv((x.17*x.26)))
         z.1   = snd(dec(c.27, x.15^(x.16*x.25*inv((x.17*x.26)))))
         z.2   = verify(snd(fst(dec(c.27, x.15^(x.16*x.25*inv((x.17*x.26)))))),
                        up(<up(<ni.27, nr.27, x.15^(x.16*x.25*inv((x.17*x.26)))>), 
                            x.15^(x.16*inv(x.17)), 'g'^(x.25*inv(x.26)), pkA.27, pk(sk.27)>),
                        pkA.27)
    
    155. Ga    = x.15^(x.16*inv(x.17))
         c     = c.27
         ni    = ni.27
         nr    = nr.27
         pkA   = pkA.27
         sk    = sk.27
         y     = (x.25*inv((x.16*x.26)))
         z     = x.15^(x.25*inv((x.17*x.26)))
         z.1   = snd(dec(c.27, x.15^(x.25*inv((x.17*x.26)))))
         z.2   = verify(snd(fst(dec(c.27, x.15^(x.25*inv((x.17*x.26)))))),
                        up(<up(<ni.27, nr.27, x.15^(x.25*inv((x.17*x.26)))>), 
                            x.15^(x.16*inv(x.17)), 'g'^(x.25*inv((x.16*x.26))), pkA.27, pk(sk.27)>),
                        pkA.27)
    
    156. Ga    = x.15^(x.16*inv(x.17))
         c     = enc(x.18, x.15)
         ni    = ni.19
         nr    = nr.19
         pkA   = pkA.19
         sk    = sk.19
         y     = (x.17*inv(x.16))
         z     = x.15
         z.1   = snd(x.18)
         z.2   = verify(snd(fst(x.18)),
                        up(<up(<ni.19, nr.19, x.15>), x.15^(x.16*inv(x.17)), 
                            'g'^(x.17*inv(x.16)), pkA.19, pk(sk.19)>),
                        pkA.19)
    
    157. Ga    = x.15^(x.16*inv(x.17))
         c     = enc(x.18, x.15^x.16)
         ni    = ni.19
         nr    = nr.19
         pkA   = pkA.19
         sk    = sk.19
         y     = x.17
         z     = x.15^x.16
         z.1   = snd(x.18)
         z.2   = verify(snd(fst(x.18)),
                        up(<up(<ni.19, nr.19, x.15^x.16>), x.15^(x.16*inv(x.17)), 'g'^x.17, 
                            pkA.19, pk(sk.19)>),
                        pkA.19)
    
    158. Ga    = x.15^(x.16*inv(x.17))
         c     = enc(x.18, x.15^x.19)
         ni    = ni.20
         nr    = nr.20
         pkA   = pkA.20
         sk    = sk.20
         y     = (x.17*x.19*inv(x.16))
         z     = x.15^x.19
         z.1   = snd(x.18)
         z.2   = verify(snd(fst(x.18)),
                        up(<up(<ni.20, nr.20, x.15^x.19>), x.15^(x.16*inv(x.17)), 
                            'g'^(x.17*x.19*inv(x.16)), pkA.20, pk(sk.20)>),
                        pkA.20)
    
    159. Ga    = x.15^(x.16*inv(x.17))
         c     = enc(x.18, x.15^inv(x.19))
         ni    = ni.20
         nr    = nr.20
         pkA   = pkA.20
         sk    = sk.20
         y     = (x.17*inv((x.16*x.19)))
         z     = x.15^inv(x.19)
         z.1   = snd(x.18)
         z.2   = verify(snd(fst(x.18)),
                        up(<up(<ni.20, nr.20, x.15^inv(x.19)>), x.15^(x.16*inv(x.17)), 
                            'g'^(x.17*inv((x.16*x.19))), pkA.20, pk(sk.20)>),
                        pkA.20)
    
    160. Ga    = x.15^(x.16*inv(x.17))
         c     = enc(x.18, x.15^inv((x.17*x.19)))
         ni    = ni.20
         nr    = nr.20
         pkA   = pkA.20
         sk    = sk.20
         y     = inv((x.16*x.19))
         z     = x.15^inv((x.17*x.19))
         z.1   = snd(x.18)
         z.2   = verify(snd(fst(x.18)),
                        up(<up(<ni.20, nr.20, x.15^inv((x.17*x.19))>), x.15^(x.16*inv(x.17)), 
                            'g'^inv((x.16*x.19)), pkA.20, pk(sk.20)>),
                        pkA.20)
    
    161. Ga    = x.15^(x.16*inv(x.17))
         c     = enc(x.18, x.15^(x.16*x.19))
         ni    = ni.20
         nr    = nr.20
         pkA   = pkA.20
         sk    = sk.20
         y     = (x.17*x.19)
         z     = x.15^(x.16*x.19)
         z.1   = snd(x.18)
         z.2   = verify(snd(fst(x.18)),
                        up(<up(<ni.20, nr.20, x.15^(x.16*x.19)>), x.15^(x.16*inv(x.17)), 
                            'g'^(x.17*x.19), pkA.20, pk(sk.20)>),
                        pkA.20)
    
    162. Ga    = x.15^(x.16*inv(x.17))
         c     = enc(x.18, x.15^(x.16*x.19*inv((x.17*x.20))))
         ni    = ni.21
         nr    = nr.21
         pkA   = pkA.21
         sk    = sk.21
         y     = (x.19*inv(x.20))
         z     = x.15^(x.16*x.19*inv((x.17*x.20)))
         z.1   = snd(x.18)
         z.2   = verify(snd(fst(x.18)),
                        up(<up(<ni.21, nr.21, x.15^(x.16*x.19*inv((x.17*x.20)))>), 
                            x.15^(x.16*inv(x.17)), 'g'^(x.19*inv(x.20)), pkA.21, pk(sk.21)>),
                        pkA.21)
    
    163. Ga    = x.15^(x.16*inv(x.17))
         c     = enc(x.18, x.15^(x.16*inv((x.17*x.19))))
         ni    = ni.20
         nr    = nr.20
         pkA   = pkA.20
         sk    = sk.20
         y     = inv(x.19)
         z     = x.15^(x.16*inv((x.17*x.19)))
         z.1   = snd(x.18)
         z.2   = verify(snd(fst(x.18)),
                        up(<up(<ni.20, nr.20, x.15^(x.16*inv((x.17*x.19)))>), 
                            x.15^(x.16*inv(x.17)), 'g'^inv(x.19), pkA.20, pk(sk.20)>),
                        pkA.20)
    
    164. Ga    = x.15^(x.16*inv(x.17))
         c     = enc(x.18, x.15^(x.19*inv(x.20)))
         ni    = ni.21
         nr    = nr.21
         pkA   = pkA.21
         sk    = sk.21
         y     = (x.17*x.19*inv((x.16*x.20)))
         z     = x.15^(x.19*inv(x.20))
         z.1   = snd(x.18)
         z.2   = verify(snd(fst(x.18)),
                        up(<up(<ni.21, nr.21, x.15^(x.19*inv(x.20))>), x.15^(x.16*inv(x.17)), 
                            'g'^(x.17*x.19*inv((x.16*x.20))), pkA.21, pk(sk.21)>),
                        pkA.21)
    
    165. Ga    = x.15^(x.16*inv(x.17))
         c     = enc(x.18, x.15^(x.19*inv((x.17*x.20))))
         ni    = ni.21
         nr    = nr.21
         pkA   = pkA.21
         sk    = sk.21
         y     = (x.19*inv((x.16*x.20)))
         z     = x.15^(x.19*inv((x.17*x.20)))
         z.1   = snd(x.18)
         z.2   = verify(snd(fst(x.18)),
                        up(<up(<ni.21, nr.21, x.15^(x.19*inv((x.17*x.20)))>), 
                            x.15^(x.16*inv(x.17)), 'g'^(x.19*inv((x.16*x.20))), pkA.21, pk(sk.21)>),
                        pkA.21)
    
    166. Ga    = x.15^(x.16*inv(x.17))
         c     = enc(<x.18, x.19>, x.15)
         ni    = ni.20
         nr    = nr.20
         pkA   = pkA.20
         sk    = sk.20
         y     = (x.17*inv(x.16))
         z     = x.15
         z.1   = x.19
         z.2   = verify(snd(x.18),
                        up(<up(<ni.20, nr.20, x.15>), x.15^(x.16*inv(x.17)), 
                            'g'^(x.17*inv(x.16)), pkA.20, pk(sk.20)>),
                        pkA.20)
    
    167. Ga    = x.15^(x.16*inv(x.17))
         c     = enc(<x.18, x.19>, x.15^x.16)
         ni    = ni.20
         nr    = nr.20
         pkA   = pkA.20
         sk    = sk.20
         y     = x.17
         z     = x.15^x.16
         z.1   = x.19
         z.2   = verify(snd(x.18),
                        up(<up(<ni.20, nr.20, x.15^x.16>), x.15^(x.16*inv(x.17)), 'g'^x.17, 
                            pkA.20, pk(sk.20)>),
                        pkA.20)
    
    168. Ga    = x.15^(x.16*inv(x.17))
         c     = enc(<x.18, x.19>, x.15^x.20)
         ni    = ni.21
         nr    = nr.21
         pkA   = pkA.21
         sk    = sk.21
         y     = (x.17*x.20*inv(x.16))
         z     = x.15^x.20
         z.1   = x.19
         z.2   = verify(snd(x.18),
                        up(<up(<ni.21, nr.21, x.15^x.20>), x.15^(x.16*inv(x.17)), 
                            'g'^(x.17*x.20*inv(x.16)), pkA.21, pk(sk.21)>),
                        pkA.21)
    
    169. Ga    = x.15^(x.16*inv(x.17))
         c     = enc(<x.18, x.19>, x.15^inv(x.20))
         ni    = ni.21
         nr    = nr.21
         pkA   = pkA.21
         sk    = sk.21
         y     = (x.17*inv((x.16*x.20)))
         z     = x.15^inv(x.20)
         z.1   = x.19
         z.2   = verify(snd(x.18),
                        up(<up(<ni.21, nr.21, x.15^inv(x.20)>), x.15^(x.16*inv(x.17)), 
                            'g'^(x.17*inv((x.16*x.20))), pkA.21, pk(sk.21)>),
                        pkA.21)
    
    170. Ga    = x.15^(x.16*inv(x.17))
         c     = enc(<x.18, x.19>, x.15^inv((x.17*x.20)))
         ni    = ni.21
         nr    = nr.21
         pkA   = pkA.21
         sk    = sk.21
         y     = inv((x.16*x.20))
         z     = x.15^inv((x.17*x.20))
         z.1   = x.19
         z.2   = verify(snd(x.18),
                        up(<up(<ni.21, nr.21, x.15^inv((x.17*x.20))>), x.15^(x.16*inv(x.17)), 
                            'g'^inv((x.16*x.20)), pkA.21, pk(sk.21)>),
                        pkA.21)
    
    171. Ga    = x.15^(x.16*inv(x.17))
         c     = enc(<x.18, x.19>, x.15^(x.16*x.20))
         ni    = ni.21
         nr    = nr.21
         pkA   = pkA.21
         sk    = sk.21
         y     = (x.17*x.20)
         z     = x.15^(x.16*x.20)
         z.1   = x.19
         z.2   = verify(snd(x.18),
                        up(<up(<ni.21, nr.21, x.15^(x.16*x.20)>), x.15^(x.16*inv(x.17)), 
                            'g'^(x.17*x.20), pkA.21, pk(sk.21)>),
                        pkA.21)
    
    172. Ga    = x.15^(x.16*inv(x.17))
         c     = enc(<x.18, x.19>, x.15^(x.16*x.20*inv((x.17*x.21))))
         ni    = ni.22
         nr    = nr.22
         pkA   = pkA.22
         sk    = sk.22
         y     = (x.20*inv(x.21))
         z     = x.15^(x.16*x.20*inv((x.17*x.21)))
         z.1   = x.19
         z.2   = verify(snd(x.18),
                        up(<up(<ni.22, nr.22, x.15^(x.16*x.20*inv((x.17*x.21)))>), 
                            x.15^(x.16*inv(x.17)), 'g'^(x.20*inv(x.21)), pkA.22, pk(sk.22)>),
                        pkA.22)
    
    173. Ga    = x.15^(x.16*inv(x.17))
         c     = enc(<x.18, x.19>, x.15^(x.16*inv((x.17*x.20))))
         ni    = ni.21
         nr    = nr.21
         pkA   = pkA.21
         sk    = sk.21
         y     = inv(x.20)
         z     = x.15^(x.16*inv((x.17*x.20)))
         z.1   = x.19
         z.2   = verify(snd(x.18),
                        up(<up(<ni.21, nr.21, x.15^(x.16*inv((x.17*x.20)))>), 
                            x.15^(x.16*inv(x.17)), 'g'^inv(x.20), pkA.21, pk(sk.21)>),
                        pkA.21)
    
    174. Ga    = x.15^(x.16*inv(x.17))
         c     = enc(<x.18, x.19>, x.15^(x.20*inv(x.21)))
         ni    = ni.22
         nr    = nr.22
         pkA   = pkA.22
         sk    = sk.22
         y     = (x.17*x.20*inv((x.16*x.21)))
         z     = x.15^(x.20*inv(x.21))
         z.1   = x.19
         z.2   = verify(snd(x.18),
                        up(<up(<ni.22, nr.22, x.15^(x.20*inv(x.21))>), x.15^(x.16*inv(x.17)), 
                            'g'^(x.17*x.20*inv((x.16*x.21))), pkA.22, pk(sk.22)>),
                        pkA.22)
    
    175. Ga    = x.15^(x.16*inv(x.17))
         c     = enc(<x.18, x.19>, x.15^(x.20*inv((x.17*x.21))))
         ni    = ni.22
         nr    = nr.22
         pkA   = pkA.22
         sk    = sk.22
         y     = (x.20*inv((x.16*x.21)))
         z     = x.15^(x.20*inv((x.17*x.21)))
         z.1   = x.19
         z.2   = verify(snd(x.18),
                        up(<up(<ni.22, nr.22, x.15^(x.20*inv((x.17*x.21)))>), 
                            x.15^(x.16*inv(x.17)), 'g'^(x.20*inv((x.16*x.21))), pkA.22, pk(sk.22)>),
                        pkA.22)
    
    176. Ga    = x.15^(x.16*inv(x.17))
         c     = enc(<<x.18, x.19>, x.20>, x.15)
         ni    = ni.21
         nr    = nr.21
         pkA   = pkA.21
         sk    = sk.21
         y     = (x.17*inv(x.16))
         z     = x.15
         z.1   = x.20
         z.2   = verify(x.19,
                        up(<up(<ni.21, nr.21, x.15>), x.15^(x.16*inv(x.17)), 
                            'g'^(x.17*inv(x.16)), pkA.21, pk(sk.21)>),
                        pkA.21)
    
    177. Ga    = x.15^(x.16*inv(x.17))
         c     = enc(<<x.18, x.19>, x.20>, x.15^x.16)
         ni    = ni.21
         nr    = nr.21
         pkA   = pkA.21
         sk    = sk.21
         y     = x.17
         z     = x.15^x.16
         z.1   = x.20
         z.2   = verify(x.19,
                        up(<up(<ni.21, nr.21, x.15^x.16>), x.15^(x.16*inv(x.17)), 'g'^x.17, 
                            pkA.21, pk(sk.21)>),
                        pkA.21)
    
    178. Ga    = x.15^(x.16*inv(x.17))
         c     = enc(<<x.18, x.19>, x.20>, x.15^x.21)
         ni    = ni.22
         nr    = nr.22
         pkA   = pkA.22
         sk    = sk.22
         y     = (x.17*x.21*inv(x.16))
         z     = x.15^x.21
         z.1   = x.20
         z.2   = verify(x.19,
                        up(<up(<ni.22, nr.22, x.15^x.21>), x.15^(x.16*inv(x.17)), 
                            'g'^(x.17*x.21*inv(x.16)), pkA.22, pk(sk.22)>),
                        pkA.22)
    
    179. Ga    = x.15^(x.16*inv(x.17))
         c     = enc(<<x.18, x.19>, x.20>, x.15^inv(x.21))
         ni    = ni.22
         nr    = nr.22
         pkA   = pkA.22
         sk    = sk.22
         y     = (x.17*inv((x.16*x.21)))
         z     = x.15^inv(x.21)
         z.1   = x.20
         z.2   = verify(x.19,
                        up(<up(<ni.22, nr.22, x.15^inv(x.21)>), x.15^(x.16*inv(x.17)), 
                            'g'^(x.17*inv((x.16*x.21))), pkA.22, pk(sk.22)>),
                        pkA.22)
    
    180. Ga    = x.15^(x.16*inv(x.17))
         c     = enc(<<x.18, x.19>, x.20>, x.15^inv((x.17*x.21)))
         ni    = ni.22
         nr    = nr.22
         pkA   = pkA.22
         sk    = sk.22
         y     = inv((x.16*x.21))
         z     = x.15^inv((x.17*x.21))
         z.1   = x.20
         z.2   = verify(x.19,
                        up(<up(<ni.22, nr.22, x.15^inv((x.17*x.21))>), x.15^(x.16*inv(x.17)), 
                            'g'^inv((x.16*x.21)), pkA.22, pk(sk.22)>),
                        pkA.22)
    
    181. Ga    = x.15^(x.16*inv(x.17))
         c     = enc(<<x.18, x.19>, x.20>, x.15^(x.16*x.21))
         ni    = ni.22
         nr    = nr.22
         pkA   = pkA.22
         sk    = sk.22
         y     = (x.17*x.21)
         z     = x.15^(x.16*x.21)
         z.1   = x.20
         z.2   = verify(x.19,
                        up(<up(<ni.22, nr.22, x.15^(x.16*x.21)>), x.15^(x.16*inv(x.17)), 
                            'g'^(x.17*x.21), pkA.22, pk(sk.22)>),
                        pkA.22)
    
    182. Ga    = x.15^(x.16*inv(x.17))
         c     = enc(<<x.18, x.19>, x.20>, x.15^(x.16*x.21*inv((x.17*x.22))))
         ni    = ni.23
         nr    = nr.23
         pkA   = pkA.23
         sk    = sk.23
         y     = (x.21*inv(x.22))
         z     = x.15^(x.16*x.21*inv((x.17*x.22)))
         z.1   = x.20
         z.2   = verify(x.19,
                        up(<up(<ni.23, nr.23, x.15^(x.16*x.21*inv((x.17*x.22)))>), 
                            x.15^(x.16*inv(x.17)), 'g'^(x.21*inv(x.22)), pkA.23, pk(sk.23)>),
                        pkA.23)
    
    183. Ga    = x.15^(x.16*inv(x.17))
         c     = enc(<<x.18, x.19>, x.20>, x.15^(x.16*inv((x.17*x.21))))
         ni    = ni.22
         nr    = nr.22
         pkA   = pkA.22
         sk    = sk.22
         y     = inv(x.21)
         z     = x.15^(x.16*inv((x.17*x.21)))
         z.1   = x.20
         z.2   = verify(x.19,
                        up(<up(<ni.22, nr.22, x.15^(x.16*inv((x.17*x.21)))>), 
                            x.15^(x.16*inv(x.17)), 'g'^inv(x.21), pkA.22, pk(sk.22)>),
                        pkA.22)
    
    184. Ga    = x.15^(x.16*inv(x.17))
         c     = enc(<<x.18, x.19>, x.20>, x.15^(x.21*inv(x.22)))
         ni    = ni.23
         nr    = nr.23
         pkA   = pkA.23
         sk    = sk.23
         y     = (x.17*x.21*inv((x.16*x.22)))
         z     = x.15^(x.21*inv(x.22))
         z.1   = x.20
         z.2   = verify(x.19,
                        up(<up(<ni.23, nr.23, x.15^(x.21*inv(x.22))>), x.15^(x.16*inv(x.17)), 
                            'g'^(x.17*x.21*inv((x.16*x.22))), pkA.23, pk(sk.23)>),
                        pkA.23)
    
    185. Ga    = x.15^(x.16*inv(x.17))
         c     = enc(<<x.18, x.19>, x.20>, x.15^(x.21*inv((x.17*x.22))))
         ni    = ni.23
         nr    = nr.23
         pkA   = pkA.23
         sk    = sk.23
         y     = (x.21*inv((x.16*x.22)))
         z     = x.15^(x.21*inv((x.17*x.22)))
         z.1   = x.20
         z.2   = verify(x.19,
                        up(<up(<ni.23, nr.23, x.15^(x.21*inv((x.17*x.22)))>), 
                            x.15^(x.16*inv(x.17)), 'g'^(x.21*inv((x.16*x.22))), pkA.23, pk(sk.23)>),
                        pkA.23)
    
    186. Ga    = x.15^(x.16*inv(x.17))
         c     = enc(<
                      <x.18, 
                       sign(up(<up(<x.19, x.20, x.15>), x.15^(x.16*inv(x.17)), 
                                'g'^(x.17*inv(x.16)), pk(x.21), pk(x.22)>),
                            x.21)
                      >, 
                      x.23>,
                     x.15)
         ni    = x.19
         nr    = x.20
         pkA   = pk(x.21)
         sk    = x.22
         y     = (x.17*inv(x.16))
         z     = x.15
         z.1   = x.23
         z.2   = true
    
    187. Ga    = x.15^(x.16*inv(x.17))
         c     = enc(<
                      <x.18, 
                       sign(up(<up(<x.19, x.20, x.15^x.16>), x.15^(x.16*inv(x.17)), 'g'^x.17, 
                                pk(x.21), pk(x.22)>),
                            x.21)
                      >, 
                      x.23>,
                     x.15^x.16)
         ni    = x.19
         nr    = x.20
         pkA   = pk(x.21)
         sk    = x.22
         y     = x.17
         z     = x.15^x.16
         z.1   = x.23
         z.2   = true
    
    188. Ga    = x.15^(x.16*inv(x.17))
         c     = enc(<
                      <x.18, 
                       sign(up(<up(<x.19, x.20, x.15^x.21>), x.15^(x.16*inv(x.17)), 
                                'g'^(x.17*x.21*inv(x.16)), pk(x.22), pk(x.23)>),
                            x.22)
                      >, 
                      x.24>,
                     x.15^x.21)
         ni    = x.19
         nr    = x.20
         pkA   = pk(x.22)
         sk    = x.23
         y     = (x.17*x.21*inv(x.16))
         z     = x.15^x.21
         z.1   = x.24
         z.2   = true
    
    189. Ga    = x.15^(x.16*inv(x.17))
         c     = enc(<
                      <x.18, 
                       sign(up(<up(<x.19, x.20, x.15^inv(x.21)>), x.15^(x.16*inv(x.17)), 
                                'g'^(x.17*inv((x.16*x.21))), pk(x.22), pk(x.23)>),
                            x.22)
                      >, 
                      x.24>,
                     x.15^inv(x.21))
         ni    = x.19
         nr    = x.20
         pkA   = pk(x.22)
         sk    = x.23
         y     = (x.17*inv((x.16*x.21)))
         z     = x.15^inv(x.21)
         z.1   = x.24
         z.2   = true
    
    190. Ga    = x.15^(x.16*inv(x.17))
         c     = enc(<
                      <x.18, 
                       sign(up(<up(<x.19, x.20, x.15^inv((x.17*x.21))>), x.15^(x.16*inv(x.17)), 
                                'g'^inv((x.16*x.21)), pk(x.22), pk(x.23)>),
                            x.22)
                      >, 
                      x.24>,
                     x.15^inv((x.17*x.21)))
         ni    = x.19
         nr    = x.20
         pkA   = pk(x.22)
         sk    = x.23
         y     = inv((x.16*x.21))
         z     = x.15^inv((x.17*x.21))
         z.1   = x.24
         z.2   = true
    
    191. Ga    = x.15^(x.16*inv(x.17))
         c     = enc(<
                      <x.18, 
                       sign(up(<up(<x.19, x.20, x.15^(x.16*x.21)>), x.15^(x.16*inv(x.17)), 
                                'g'^(x.17*x.21), pk(x.22), pk(x.23)>),
                            x.22)
                      >, 
                      x.24>,
                     x.15^(x.16*x.21))
         ni    = x.19
         nr    = x.20
         pkA   = pk(x.22)
         sk    = x.23
         y     = (x.17*x.21)
         z     = x.15^(x.16*x.21)
         z.1   = x.24
         z.2   = true
    
    192. Ga    = x.15^(x.16*inv(x.17))
         c     = enc(<
                      <x.18, 
                       sign(up(<up(<x.19, x.20, x.15^(x.16*x.21*inv((x.17*x.22)))>), 
                                x.15^(x.16*inv(x.17)), 'g'^(x.21*inv(x.22)), pk(x.23), pk(x.24)>),
                            x.23)
                      >, 
                      x.25>,
                     x.15^(x.16*x.21*inv((x.17*x.22))))
         ni    = x.19
         nr    = x.20
         pkA   = pk(x.23)
         sk    = x.24
         y     = (x.21*inv(x.22))
         z     = x.15^(x.16*x.21*inv((x.17*x.22)))
         z.1   = x.25
         z.2   = true
    
    193. Ga    = x.15^(x.16*inv(x.17))
         c     = enc(<
                      <x.18, 
                       sign(up(<up(<x.19, x.20, x.15^(x.16*inv((x.17*x.21)))>), 
                                x.15^(x.16*inv(x.17)), 'g'^inv(x.21), pk(x.22), pk(x.23)>),
                            x.22)
                      >, 
                      x.24>,
                     x.15^(x.16*inv((x.17*x.21))))
         ni    = x.19
         nr    = x.20
         pkA   = pk(x.22)
         sk    = x.23
         y     = inv(x.21)
         z     = x.15^(x.16*inv((x.17*x.21)))
         z.1   = x.24
         z.2   = true
    
    194. Ga    = x.15^(x.16*inv(x.17))
         c     = enc(<
                      <x.18, 
                       sign(up(<up(<x.19, x.20, x.15^(x.21*inv(x.22))>), x.15^(x.16*inv(x.17)), 
                                'g'^(x.17*x.21*inv((x.16*x.22))), pk(x.23), pk(x.24)>),
                            x.23)
                      >, 
                      x.25>,
                     x.15^(x.21*inv(x.22)))
         ni    = x.19
         nr    = x.20
         pkA   = pk(x.23)
         sk    = x.24
         y     = (x.17*x.21*inv((x.16*x.22)))
         z     = x.15^(x.21*inv(x.22))
         z.1   = x.25
         z.2   = true
    
    195. Ga    = x.15^(x.16*inv(x.17))
         c     = enc(<
                      <x.18, 
                       sign(up(<up(<x.19, x.20, x.15^(x.21*inv((x.17*x.22)))>), 
                                x.15^(x.16*inv(x.17)), 'g'^(x.21*inv((x.16*x.22))), pk(x.23), pk(x.24)>),
                            x.23)
                      >, 
                      x.25>,
                     x.15^(x.21*inv((x.17*x.22))))
         ni    = x.19
         nr    = x.20
         pkA   = pk(x.23)
         sk    = x.24
         y     = (x.21*inv((x.16*x.22)))
         z     = x.15^(x.21*inv((x.17*x.22)))
         z.1   = x.25
         z.2   = true
    
    196. Ga    = x.15^(x.16*inv((x.17*x.18)))
         c     = c.19
         ni    = ni.19
         nr    = nr.19
         pkA   = pkA.19
         sk    = sk.19
         y     = x.17
         z     = x.15^(x.16*inv(x.18))
         z.1   = snd(dec(c.19, x.15^(x.16*inv(x.18))))
         z.2   = verify(snd(fst(dec(c.19, x.15^(x.16*inv(x.18))))),
                        up(<up(<ni.19, nr.19, x.15^(x.16*inv(x.18))>), 
                            x.15^(x.16*inv((x.17*x.18))), 'g'^x.17, pkA.19, pk(sk.19)>),
                        pkA.19)
    
    197. Ga    = x.15^(x.16*inv((x.17*x.18)))
         c     = c.19
         ni    = ni.19
         nr    = nr.19
         pkA   = pkA.19
         sk    = sk.19
         y     = (x.17*inv(x.16))
         z     = x.15^inv(x.18)
         z.1   = snd(dec(c.19, x.15^inv(x.18)))
         z.2   = verify(snd(fst(dec(c.19, x.15^inv(x.18)))),
                        up(<up(<ni.19, nr.19, x.15^inv(x.18)>), x.15^(x.16*inv((x.17*x.18))), 
                            'g'^(x.17*inv(x.16)), pkA.19, pk(sk.19)>),
                        pkA.19)
    
    198. Ga    = x.15^(x.16*inv((x.17*x.18)))
         c     = c.27
         ni    = ni.27
         nr    = nr.27
         pkA   = pkA.27
         sk    = sk.27
         y     = (x.17*x.26)
         z     = x.15^(x.16*x.26*inv(x.18))
         z.1   = snd(dec(c.27, x.15^(x.16*x.26*inv(x.18))))
         z.2   = verify(snd(fst(dec(c.27, x.15^(x.16*x.26*inv(x.18))))),
                        up(<up(<ni.27, nr.27, x.15^(x.16*x.26*inv(x.18))>), 
                            x.15^(x.16*inv((x.17*x.18))), 'g'^(x.17*x.26), pkA.27, pk(sk.27)>),
                        pkA.27)
    
    199. Ga    = x.15^(x.16*inv((x.17*x.18)))
         c     = c.27
         ni    = ni.27
         nr    = nr.27
         pkA   = pkA.27
         sk    = sk.27
         y     = (x.17*x.26*inv(x.16))
         z     = x.15^(x.26*inv(x.18))
         z.1   = snd(dec(c.27, x.15^(x.26*inv(x.18))))
         z.2   = verify(snd(fst(dec(c.27, x.15^(x.26*inv(x.18))))),
                        up(<up(<ni.27, nr.27, x.15^(x.26*inv(x.18))>), 
                            x.15^(x.16*inv((x.17*x.18))), 'g'^(x.17*x.26*inv(x.16)), pkA.27, 
                            pk(sk.27)>),
                        pkA.27)
    
    200. Ga    = x.15^(x.16*inv((x.17*x.18)))
         c     = c.27
         ni    = ni.27
         nr    = nr.27
         pkA   = pkA.27
         sk    = sk.27
         y     = (x.17*inv(x.26))
         z     = x.15^(x.16*inv((x.18*x.26)))
         z.1   = snd(dec(c.27, x.15^(x.16*inv((x.18*x.26)))))
         z.2   = verify(snd(fst(dec(c.27, x.15^(x.16*inv((x.18*x.26)))))),
                        up(<up(<ni.27, nr.27, x.15^(x.16*inv((x.18*x.26)))>), 
                            x.15^(x.16*inv((x.17*x.18))), 'g'^(x.17*inv(x.26)), pkA.27, pk(sk.27)>),
                        pkA.27)
    
    201. Ga    = x.15^(x.16*inv((x.17*x.18)))
         c     = c.27
         ni    = ni.27
         nr    = nr.27
         pkA   = pkA.27
         sk    = sk.27
         y     = (x.17*inv((x.16*x.26)))
         z     = x.15^inv((x.18*x.26))
         z.1   = snd(dec(c.27, x.15^inv((x.18*x.26))))
         z.2   = verify(snd(fst(dec(c.27, x.15^inv((x.18*x.26))))),
                        up(<up(<ni.27, nr.27, x.15^inv((x.18*x.26))>), 
                            x.15^(x.16*inv((x.17*x.18))), 'g'^(x.17*inv((x.16*x.26))), pkA.27, 
                            pk(sk.27)>),
                        pkA.27)
    
    202. Ga    = x.15^(x.16*inv((x.17*x.18)))
         c     = c.28
         ni    = ni.28
         nr    = nr.28
         pkA   = pkA.28
         sk    = sk.28
         y     = (x.17*x.26*inv(x.27))
         z     = x.15^(x.16*x.26*inv((x.18*x.27)))
         z.1   = snd(dec(c.28, x.15^(x.16*x.26*inv((x.18*x.27)))))
         z.2   = verify(snd(fst(dec(c.28, x.15^(x.16*x.26*inv((x.18*x.27)))))),
                        up(<up(<ni.28, nr.28, x.15^(x.16*x.26*inv((x.18*x.27)))>), 
                            x.15^(x.16*inv((x.17*x.18))), 'g'^(x.17*x.26*inv(x.27)), pkA.28, 
                            pk(sk.28)>),
                        pkA.28)
    
    203. Ga    = x.15^(x.16*inv((x.17*x.18)))
         c     = c.28
         ni    = ni.28
         nr    = nr.28
         pkA   = pkA.28
         sk    = sk.28
         y     = (x.17*x.26*inv((x.16*x.27)))
         z     = x.15^(x.26*inv((x.18*x.27)))
         z.1   = snd(dec(c.28, x.15^(x.26*inv((x.18*x.27)))))
         z.2   = verify(snd(fst(dec(c.28, x.15^(x.26*inv((x.18*x.27)))))),
                        up(<up(<ni.28, nr.28, x.15^(x.26*inv((x.18*x.27)))>), 
                            x.15^(x.16*inv((x.17*x.18))), 'g'^(x.17*x.26*inv((x.16*x.27))), pkA.28, 
                            pk(sk.28)>),
                        pkA.28)
    
    204. Ga    = x.15^(x.16*inv((x.17*x.18)))
         c     = enc(x.19, x.15^inv(x.18))
         ni    = ni.20
         nr    = nr.20
         pkA   = pkA.20
         sk    = sk.20
         y     = (x.17*inv(x.16))
         z     = x.15^inv(x.18)
         z.1   = snd(x.19)
         z.2   = verify(snd(fst(x.19)),
                        up(<up(<ni.20, nr.20, x.15^inv(x.18)>), x.15^(x.16*inv((x.17*x.18))), 
                            'g'^(x.17*inv(x.16)), pkA.20, pk(sk.20)>),
                        pkA.20)
    
    205. Ga    = x.15^(x.16*inv((x.17*x.18)))
         c     = enc(x.19, x.15^inv((x.18*x.20)))
         ni    = ni.21
         nr    = nr.21
         pkA   = pkA.21
         sk    = sk.21
         y     = (x.17*inv((x.16*x.20)))
         z     = x.15^inv((x.18*x.20))
         z.1   = snd(x.19)
         z.2   = verify(snd(fst(x.19)),
                        up(<up(<ni.21, nr.21, x.15^inv((x.18*x.20))>), 
                            x.15^(x.16*inv((x.17*x.18))), 'g'^(x.17*inv((x.16*x.20))), pkA.21, 
                            pk(sk.21)>),
                        pkA.21)
    
    206. Ga    = x.15^(x.16*inv((x.17*x.18)))
         c     = enc(x.19, x.15^(x.16*x.20*inv(x.18)))
         ni    = ni.21
         nr    = nr.21
         pkA   = pkA.21
         sk    = sk.21
         y     = (x.17*x.20)
         z     = x.15^(x.16*x.20*inv(x.18))
         z.1   = snd(x.19)
         z.2   = verify(snd(fst(x.19)),
                        up(<up(<ni.21, nr.21, x.15^(x.16*x.20*inv(x.18))>), 
                            x.15^(x.16*inv((x.17*x.18))), 'g'^(x.17*x.20), pkA.21, pk(sk.21)>),
                        pkA.21)
    
    207. Ga    = x.15^(x.16*inv((x.17*x.18)))
         c     = enc(x.19, x.15^(x.16*x.20*inv((x.18*x.21))))
         ni    = ni.22
         nr    = nr.22
         pkA   = pkA.22
         sk    = sk.22
         y     = (x.17*x.20*inv(x.21))
         z     = x.15^(x.16*x.20*inv((x.18*x.21)))
         z.1   = snd(x.19)
         z.2   = verify(snd(fst(x.19)),
                        up(<up(<ni.22, nr.22, x.15^(x.16*x.20*inv((x.18*x.21)))>), 
                            x.15^(x.16*inv((x.17*x.18))), 'g'^(x.17*x.20*inv(x.21)), pkA.22, 
                            pk(sk.22)>),
                        pkA.22)
    
    208. Ga    = x.15^(x.16*inv((x.17*x.18)))
         c     = enc(x.19, x.15^(x.16*inv(x.18)))
         ni    = ni.20
         nr    = nr.20
         pkA   = pkA.20
         sk    = sk.20
         y     = x.17
         z     = x.15^(x.16*inv(x.18))
         z.1   = snd(x.19)
         z.2   = verify(snd(fst(x.19)),
                        up(<up(<ni.20, nr.20, x.15^(x.16*inv(x.18))>), 
                            x.15^(x.16*inv((x.17*x.18))), 'g'^x.17, pkA.20, pk(sk.20)>),
                        pkA.20)
    
    209. Ga    = x.15^(x.16*inv((x.17*x.18)))
         c     = enc(x.19, x.15^(x.16*inv((x.18*x.20))))
         ni    = ni.21
         nr    = nr.21
         pkA   = pkA.21
         sk    = sk.21
         y     = (x.17*inv(x.20))
         z     = x.15^(x.16*inv((x.18*x.20)))
         z.1   = snd(x.19)
         z.2   = verify(snd(fst(x.19)),
                        up(<up(<ni.21, nr.21, x.15^(x.16*inv((x.18*x.20)))>), 
                            x.15^(x.16*inv((x.17*x.18))), 'g'^(x.17*inv(x.20)), pkA.21, pk(sk.21)>),
                        pkA.21)
    
    210. Ga    = x.15^(x.16*inv((x.17*x.18)))
         c     = enc(x.19, x.15^(x.20*inv(x.18)))
         ni    = ni.21
         nr    = nr.21
         pkA   = pkA.21
         sk    = sk.21
         y     = (x.17*x.20*inv(x.16))
         z     = x.15^(x.20*inv(x.18))
         z.1   = snd(x.19)
         z.2   = verify(snd(fst(x.19)),
                        up(<up(<ni.21, nr.21, x.15^(x.20*inv(x.18))>), 
                            x.15^(x.16*inv((x.17*x.18))), 'g'^(x.17*x.20*inv(x.16)), pkA.21, 
                            pk(sk.21)>),
                        pkA.21)
    
    211. Ga    = x.15^(x.16*inv((x.17*x.18)))
         c     = enc(x.19, x.15^(x.20*inv((x.18*x.21))))
         ni    = ni.22
         nr    = nr.22
         pkA   = pkA.22
         sk    = sk.22
         y     = (x.17*x.20*inv((x.16*x.21)))
         z     = x.15^(x.20*inv((x.18*x.21)))
         z.1   = snd(x.19)
         z.2   = verify(snd(fst(x.19)),
                        up(<up(<ni.22, nr.22, x.15^(x.20*inv((x.18*x.21)))>), 
                            x.15^(x.16*inv((x.17*x.18))), 'g'^(x.17*x.20*inv((x.16*x.21))), pkA.22, 
                            pk(sk.22)>),
                        pkA.22)
    
    212. Ga    = x.15^(x.16*inv((x.17*x.18)))
         c     = enc(<x.19, x.20>, x.15^inv(x.18))
         ni    = ni.21
         nr    = nr.21
         pkA   = pkA.21
         sk    = sk.21
         y     = (x.17*inv(x.16))
         z     = x.15^inv(x.18)
         z.1   = x.20
         z.2   = verify(snd(x.19),
                        up(<up(<ni.21, nr.21, x.15^inv(x.18)>), x.15^(x.16*inv((x.17*x.18))), 
                            'g'^(x.17*inv(x.16)), pkA.21, pk(sk.21)>),
                        pkA.21)
    
    213. Ga    = x.15^(x.16*inv((x.17*x.18)))
         c     = enc(<x.19, x.20>, x.15^inv((x.18*x.21)))
         ni    = ni.22
         nr    = nr.22
         pkA   = pkA.22
         sk    = sk.22
         y     = (x.17*inv((x.16*x.21)))
         z     = x.15^inv((x.18*x.21))
         z.1   = x.20
         z.2   = verify(snd(x.19),
                        up(<up(<ni.22, nr.22, x.15^inv((x.18*x.21))>), 
                            x.15^(x.16*inv((x.17*x.18))), 'g'^(x.17*inv((x.16*x.21))), pkA.22, 
                            pk(sk.22)>),
                        pkA.22)
    
    214. Ga    = x.15^(x.16*inv((x.17*x.18)))
         c     = enc(<x.19, x.20>, x.15^(x.16*x.21*inv(x.18)))
         ni    = ni.22
         nr    = nr.22
         pkA   = pkA.22
         sk    = sk.22
         y     = (x.17*x.21)
         z     = x.15^(x.16*x.21*inv(x.18))
         z.1   = x.20
         z.2   = verify(snd(x.19),
                        up(<up(<ni.22, nr.22, x.15^(x.16*x.21*inv(x.18))>), 
                            x.15^(x.16*inv((x.17*x.18))), 'g'^(x.17*x.21), pkA.22, pk(sk.22)>),
                        pkA.22)
    
    215. Ga    = x.15^(x.16*inv((x.17*x.18)))
         c     = enc(<x.19, x.20>, x.15^(x.16*x.21*inv((x.18*x.22))))
         ni    = ni.23
         nr    = nr.23
         pkA   = pkA.23
         sk    = sk.23
         y     = (x.17*x.21*inv(x.22))
         z     = x.15^(x.16*x.21*inv((x.18*x.22)))
         z.1   = x.20
         z.2   = verify(snd(x.19),
                        up(<up(<ni.23, nr.23, x.15^(x.16*x.21*inv((x.18*x.22)))>), 
                            x.15^(x.16*inv((x.17*x.18))), 'g'^(x.17*x.21*inv(x.22)), pkA.23, 
                            pk(sk.23)>),
                        pkA.23)
    
    216. Ga    = x.15^(x.16*inv((x.17*x.18)))
         c     = enc(<x.19, x.20>, x.15^(x.16*inv(x.18)))
         ni    = ni.21
         nr    = nr.21
         pkA   = pkA.21
         sk    = sk.21
         y     = x.17
         z     = x.15^(x.16*inv(x.18))
         z.1   = x.20
         z.2   = verify(snd(x.19),
                        up(<up(<ni.21, nr.21, x.15^(x.16*inv(x.18))>), 
                            x.15^(x.16*inv((x.17*x.18))), 'g'^x.17, pkA.21, pk(sk.21)>),
                        pkA.21)
    
    217. Ga    = x.15^(x.16*inv((x.17*x.18)))
         c     = enc(<x.19, x.20>, x.15^(x.16*inv((x.18*x.21))))
         ni    = ni.22
         nr    = nr.22
         pkA   = pkA.22
         sk    = sk.22
         y     = (x.17*inv(x.21))
         z     = x.15^(x.16*inv((x.18*x.21)))
         z.1   = x.20
         z.2   = verify(snd(x.19),
                        up(<up(<ni.22, nr.22, x.15^(x.16*inv((x.18*x.21)))>), 
                            x.15^(x.16*inv((x.17*x.18))), 'g'^(x.17*inv(x.21)), pkA.22, pk(sk.22)>),
                        pkA.22)
    
    218. Ga    = x.15^(x.16*inv((x.17*x.18)))
         c     = enc(<x.19, x.20>, x.15^(x.21*inv(x.18)))
         ni    = ni.22
         nr    = nr.22
         pkA   = pkA.22
         sk    = sk.22
         y     = (x.17*x.21*inv(x.16))
         z     = x.15^(x.21*inv(x.18))
         z.1   = x.20
         z.2   = verify(snd(x.19),
                        up(<up(<ni.22, nr.22, x.15^(x.21*inv(x.18))>), 
                            x.15^(x.16*inv((x.17*x.18))), 'g'^(x.17*x.21*inv(x.16)), pkA.22, 
                            pk(sk.22)>),
                        pkA.22)
    
    219. Ga    = x.15^(x.16*inv((x.17*x.18)))
         c     = enc(<x.19, x.20>, x.15^(x.21*inv((x.18*x.22))))
         ni    = ni.23
         nr    = nr.23
         pkA   = pkA.23
         sk    = sk.23
         y     = (x.17*x.21*inv((x.16*x.22)))
         z     = x.15^(x.21*inv((x.18*x.22)))
         z.1   = x.20
         z.2   = verify(snd(x.19),
                        up(<up(<ni.23, nr.23, x.15^(x.21*inv((x.18*x.22)))>), 
                            x.15^(x.16*inv((x.17*x.18))), 'g'^(x.17*x.21*inv((x.16*x.22))), pkA.23, 
                            pk(sk.23)>),
                        pkA.23)
    
    220. Ga    = x.15^(x.16*inv((x.17*x.18)))
         c     = enc(<<x.19, x.20>, x.21>, x.15^inv(x.18))
         ni    = ni.22
         nr    = nr.22
         pkA   = pkA.22
         sk    = sk.22
         y     = (x.17*inv(x.16))
         z     = x.15^inv(x.18)
         z.1   = x.21
         z.2   = verify(x.20,
                        up(<up(<ni.22, nr.22, x.15^inv(x.18)>), x.15^(x.16*inv((x.17*x.18))), 
                            'g'^(x.17*inv(x.16)), pkA.22, pk(sk.22)>),
                        pkA.22)
    
    221. Ga    = x.15^(x.16*inv((x.17*x.18)))
         c     = enc(<<x.19, x.20>, x.21>, x.15^inv((x.18*x.22)))
         ni    = ni.23
         nr    = nr.23
         pkA   = pkA.23
         sk    = sk.23
         y     = (x.17*inv((x.16*x.22)))
         z     = x.15^inv((x.18*x.22))
         z.1   = x.21
         z.2   = verify(x.20,
                        up(<up(<ni.23, nr.23, x.15^inv((x.18*x.22))>), 
                            x.15^(x.16*inv((x.17*x.18))), 'g'^(x.17*inv((x.16*x.22))), pkA.23, 
                            pk(sk.23)>),
                        pkA.23)
    
    222. Ga    = x.15^(x.16*inv((x.17*x.18)))
         c     = enc(<<x.19, x.20>, x.21>, x.15^(x.16*x.22*inv(x.18)))
         ni    = ni.23
         nr    = nr.23
         pkA   = pkA.23
         sk    = sk.23
         y     = (x.17*x.22)
         z     = x.15^(x.16*x.22*inv(x.18))
         z.1   = x.21
         z.2   = verify(x.20,
                        up(<up(<ni.23, nr.23, x.15^(x.16*x.22*inv(x.18))>), 
                            x.15^(x.16*inv((x.17*x.18))), 'g'^(x.17*x.22), pkA.23, pk(sk.23)>),
                        pkA.23)
    
    223. Ga    = x.15^(x.16*inv((x.17*x.18)))
         c     = enc(<<x.19, x.20>, x.21>, x.15^(x.16*x.22*inv((x.18*x.23))))
         ni    = ni.24
         nr    = nr.24
         pkA   = pkA.24
         sk    = sk.24
         y     = (x.17*x.22*inv(x.23))
         z     = x.15^(x.16*x.22*inv((x.18*x.23)))
         z.1   = x.21
         z.2   = verify(x.20,
                        up(<up(<ni.24, nr.24, x.15^(x.16*x.22*inv((x.18*x.23)))>), 
                            x.15^(x.16*inv((x.17*x.18))), 'g'^(x.17*x.22*inv(x.23)), pkA.24, 
                            pk(sk.24)>),
                        pkA.24)
    
    224. Ga    = x.15^(x.16*inv((x.17*x.18)))
         c     = enc(<<x.19, x.20>, x.21>, x.15^(x.16*inv(x.18)))
         ni    = ni.22
         nr    = nr.22
         pkA   = pkA.22
         sk    = sk.22
         y     = x.17
         z     = x.15^(x.16*inv(x.18))
         z.1   = x.21
         z.2   = verify(x.20,
                        up(<up(<ni.22, nr.22, x.15^(x.16*inv(x.18))>), 
                            x.15^(x.16*inv((x.17*x.18))), 'g'^x.17, pkA.22, pk(sk.22)>),
                        pkA.22)
    
    225. Ga    = x.15^(x.16*inv((x.17*x.18)))
         c     = enc(<<x.19, x.20>, x.21>, x.15^(x.16*inv((x.18*x.22))))
         ni    = ni.23
         nr    = nr.23
         pkA   = pkA.23
         sk    = sk.23
         y     = (x.17*inv(x.22))
         z     = x.15^(x.16*inv((x.18*x.22)))
         z.1   = x.21
         z.2   = verify(x.20,
                        up(<up(<ni.23, nr.23, x.15^(x.16*inv((x.18*x.22)))>), 
                            x.15^(x.16*inv((x.17*x.18))), 'g'^(x.17*inv(x.22)), pkA.23, pk(sk.23)>),
                        pkA.23)
    
    226. Ga    = x.15^(x.16*inv((x.17*x.18)))
         c     = enc(<<x.19, x.20>, x.21>, x.15^(x.22*inv(x.18)))
         ni    = ni.23
         nr    = nr.23
         pkA   = pkA.23
         sk    = sk.23
         y     = (x.17*x.22*inv(x.16))
         z     = x.15^(x.22*inv(x.18))
         z.1   = x.21
         z.2   = verify(x.20,
                        up(<up(<ni.23, nr.23, x.15^(x.22*inv(x.18))>), 
                            x.15^(x.16*inv((x.17*x.18))), 'g'^(x.17*x.22*inv(x.16)), pkA.23, 
                            pk(sk.23)>),
                        pkA.23)
    
    227. Ga    = x.15^(x.16*inv((x.17*x.18)))
         c     = enc(<<x.19, x.20>, x.21>, x.15^(x.22*inv((x.18*x.23))))
         ni    = ni.24
         nr    = nr.24
         pkA   = pkA.24
         sk    = sk.24
         y     = (x.17*x.22*inv((x.16*x.23)))
         z     = x.15^(x.22*inv((x.18*x.23)))
         z.1   = x.21
         z.2   = verify(x.20,
                        up(<up(<ni.24, nr.24, x.15^(x.22*inv((x.18*x.23)))>), 
                            x.15^(x.16*inv((x.17*x.18))), 'g'^(x.17*x.22*inv((x.16*x.23))), pkA.24, 
                            pk(sk.24)>),
                        pkA.24)
    
    228. Ga    = x.15^(x.16*inv((x.17*x.18)))
         c     = enc(<
                      <x.19, 
                       sign(up(<up(<x.20, x.21, x.15^inv(x.18)>), x.15^(x.16*inv((x.17*x.18))), 
                                'g'^(x.17*inv(x.16)), pk(x.22), pk(x.23)>),
                            x.22)
                      >, 
                      x.24>,
                     x.15^inv(x.18))
         ni    = x.20
         nr    = x.21
         pkA   = pk(x.22)
         sk    = x.23
         y     = (x.17*inv(x.16))
         z     = x.15^inv(x.18)
         z.1   = x.24
         z.2   = true
    
    229. Ga    = x.15^(x.16*inv((x.17*x.18)))
         c     = enc(<
                      <x.19, 
                       sign(up(<up(<x.20, x.21, x.15^inv((x.18*x.22))>), 
                                x.15^(x.16*inv((x.17*x.18))), 'g'^(x.17*inv((x.16*x.22))), pk(x.23), 
                                pk(x.24)>),
                            x.23)
                      >, 
                      x.25>,
                     x.15^inv((x.18*x.22)))
         ni    = x.20
         nr    = x.21
         pkA   = pk(x.23)
         sk    = x.24
         y     = (x.17*inv((x.16*x.22)))
         z     = x.15^inv((x.18*x.22))
         z.1   = x.25
         z.2   = true
    
    230. Ga    = x.15^(x.16*inv((x.17*x.18)))
         c     = enc(<
                      <x.19, 
                       sign(up(<up(<x.20, x.21, x.15^(x.16*x.22*inv(x.18))>), 
                                x.15^(x.16*inv((x.17*x.18))), 'g'^(x.17*x.22), pk(x.23), pk(x.24)>),
                            x.23)
                      >, 
                      x.25>,
                     x.15^(x.16*x.22*inv(x.18)))
         ni    = x.20
         nr    = x.21
         pkA   = pk(x.23)
         sk    = x.24
         y     = (x.17*x.22)
         z     = x.15^(x.16*x.22*inv(x.18))
         z.1   = x.25
         z.2   = true
    
    231. Ga    = x.15^(x.16*inv((x.17*x.18)))
         c     = enc(<
                      <x.19, 
                       sign(up(<up(<x.20, x.21, x.15^(x.16*x.22*inv((x.17*x.23)))>), 
                                x.15^(x.16*inv((x.17*x.18))), 'g'^(x.18*x.22*inv(x.23)), pk(x.24), 
                                pk(x.25)>),
                            x.24)
                      >, 
                      x.26>,
                     x.15^(x.16*x.22*inv((x.17*x.23))))
         ni    = x.20
         nr    = x.21
         pkA   = pk(x.24)
         sk    = x.25
         y     = (x.18*x.22*inv(x.23))
         z     = x.15^(x.16*x.22*inv((x.17*x.23)))
         z.1   = x.26
         z.2   = true
    
    232. Ga    = x.15^(x.16*inv((x.17*x.18)))
         c     = enc(<
                      <x.19, 
                       sign(up(<up(<x.20, x.21, x.15^(x.16*inv(x.18))>), 
                                x.15^(x.16*inv((x.17*x.18))), 'g'^x.17, pk(x.22), pk(x.23)>),
                            x.22)
                      >, 
                      x.24>,
                     x.15^(x.16*inv(x.18)))
         ni    = x.20
         nr    = x.21
         pkA   = pk(x.22)
         sk    = x.23
         y     = x.17
         z     = x.15^(x.16*inv(x.18))
         z.1   = x.24
         z.2   = true
    
    233. Ga    = x.15^(x.16*inv((x.17*x.18)))
         c     = enc(<
                      <x.19, 
                       sign(up(<up(<x.20, x.21, x.15^(x.16*inv((x.17*x.22)))>), 
                                x.15^(x.16*inv((x.17*x.18))), 'g'^(x.18*inv(x.22)), pk(x.23), pk(x.24)>),
                            x.23)
                      >, 
                      x.25>,
                     x.15^(x.16*inv((x.17*x.22))))
         ni    = x.20
         nr    = x.21
         pkA   = pk(x.23)
         sk    = x.24
         y     = (x.18*inv(x.22))
         z     = x.15^(x.16*inv((x.17*x.22)))
         z.1   = x.25
         z.2   = true
    
    234. Ga    = x.15^(x.16*inv((x.17*x.18)))
         c     = enc(<
                      <x.19, 
                       sign(up(<up(<x.20, x.21, x.15^(x.22*inv(x.18))>), 
                                x.15^(x.16*inv((x.17*x.18))), 'g'^(x.17*x.22*inv(x.16)), pk(x.23), 
                                pk(x.24)>),
                            x.23)
                      >, 
                      x.25>,
                     x.15^(x.22*inv(x.18)))
         ni    = x.20
         nr    = x.21
         pkA   = pk(x.23)
         sk    = x.24
         y     = (x.17*x.22*inv(x.16))
         z     = x.15^(x.22*inv(x.18))
         z.1   = x.25
         z.2   = true
    
    235. Ga    = x.15^(x.16*inv((x.17*x.18)))
         c     = enc(<
                      <x.19, 
                       sign(up(<up(<x.20, x.21, x.15^(x.22*inv((x.17*x.23)))>), 
                                x.15^(x.16*inv((x.17*x.18))), 'g'^(x.18*x.22*inv((x.16*x.23))), 
                                pk(x.24), pk(x.25)>),
                            x.24)
                      >, 
                      x.26>,
                     x.15^(x.22*inv((x.17*x.23))))
         ni    = x.20
         nr    = x.21
         pkA   = pk(x.24)
         sk    = x.25
         y     = (x.18*x.22*inv((x.16*x.23)))
         z     = x.15^(x.22*inv((x.17*x.23)))
         z.1   = x.26
         z.2   = true
  */

rule (modulo E) Attack_test:
   [ In( c ), In( m ), !SharedKey( $A, $B, kab ) ]
  --[ Eq( c, enc(m, kab) ), Attack_suc( ) ]->
   [ ]

  /* has exactly the trivial AC variant */

restriction Verif:
  "∀ x y #i. (Eq( x, y ) @ #i) ⇒ (x = y)"
  // safety formula

lemma Test:
  exists-trace "∃ #j. Attack_suc( ) @ #j"
/*
guarded formula characterizing all satisfying traces:
"∃ #j. (Attack_suc( ) @ #j)"
*/
simplify
solve( !SharedKey( $A, $B, kab ) ▶₂ #j )
  case BA4
  solve( !KU( enc(<
                   <x, sign(up(<up(<ni, ~nr, kab>), Ga, 'g'^~y, pk(~sk), pk(~sk.1)>), ~sk)
                   >, 
                   sai>,
                  kab)
         ) @ #vk.2 )
    case AB3
    solve( !KU( enc(m, 'g'^(~x*~y)) ) @ #vk.1 )
      case AB3_case_19
      solve( splitEqs(2) )
        case split_case_1
        solve( !KU( ~nr ) @ #vk.12 )
          case BA2
          solve( !KU( ~sai ) @ #vk.5 )
            case AB1_case_1
            solve( !KU( ~ni ) @ #vk.9 )
              case AB1
              solve( !KU( 'g'^~y ) @ #vk.12 )
                case BA2_case_1
                solve( !KU( 'g'^~x ) @ #vk.11 )
                  case AB1_case_1
                  solve( !KU( pk(~sk) ) @ #vk.14 )
                    case AB3_case_1
                    solve( splitEqs(4) )
                      case split_case_1
                      solve( !KU( Gb^~x.1 ) @ #vk.20 )
                        case AB1_case_1
                        SOLVED // trace found
                      qed
                    qed
                  qed
                qed
              qed
            qed
          qed
        qed
      qed
    qed
  qed
qed

/* All well-formedness checks were successful. */

end

==============================================================================
summary of summaries:

analyzed: IKEv2.spthy

  Test (exists-trace): verified (14 steps)

==============================================================================

real	1m20.552s
user	1m44.537s
sys	0m10.145s
Finished processing IKEv2.spthy
------------------------------------------------------------
============================== END ==========================
------------------------------------------------------------

Running tamarin-prover on ISO11770-2-1.spthy...
maude tool: 'maude'
 checking version: 2.7.1. OK.
 checking installation:   solved goal nr. 0 (directly): Attack_suc( ) @ #j
  solved goal nr. 0 (directly): !SharedKey( t.1, t.2, t.3 ) ▶₀ #i
  solved goal nr. 0 (directly): !KU( ~t.1 ) @ #i
  solved goal nr. 0 (directly): !KU( dec(t.1, t.2) ) @ #i
  solved goal nr. 0 (directly): !KU( enc(t.1, t.2) ) @ #i
  solved goal nr. 0 (directly): !KU( fst(t.1) ) @ #i
  solved goal nr. 4 (directly):
    !SharedKey( $A.10, $B.10, t.2 ) ▶₁ #vr.9
  solved goal nr. 4 (directly):
    !SharedKey( $A.7, $B.7, kab.7 ) ▶₁ #vr.6
  solved goal nr. 0 (directly): !KU( prefix(t.1) ) @ #i
  solved goal nr. 0 (directly): !KU( snd(t.1) ) @ #i
  solved goal nr. 4 (directly):
    !SharedKey( $A.10, $B.10, kab.10 ) ▶₁ #vr.9
  solved goal nr. 4 (directly):
    !SharedKey( $A.7, $B.7, kab.7 ) ▶₁ #vr.6
  solved goal nr. 4 (directly):
    !SharedKey( $A.7, $B.7, kab.7 ) ▶₁ #vr.6
  solved goal nr. 4 (directly):
    !SharedKey( $A.7, $B.7, kab.7 ) ▶₁ #vr.6
  solved goal nr. 4 (directly):
    !SharedKey( $A.10, $B.10, t.2 ) ▶₁ #vr.9
  solved goal nr. 4 (precomputed): !SharedKey( $A, $B, kab ) ▶₂ #j
  solved goal nr. 5 (precomputed): !KU( enc(m, ~k) ) @ #vk
  solved goal nr. 10 (precomputed): !KU( ~ta ) @ #vk.2
  solved goal nr. 8 (precomputed): !KU( ~k.1 ) @ #vk.2
  solved goal nr. 9 (precomputed): !KU( ~k ) @ #vk.2
  solved goal nr. 9 (precomputed): !KU( ~ta ) @ #vk.1
  solved goal nr. 13 (precomputed): !KU( ~k ) @ #vk.3
  solved goal nr. 13 (precomputed): !KU( ~k ) @ #vk.3
  solved goal nr. 13 (precomputed): !KU( ~k ) @ #vk.3
  solved goal nr. 13 (precomputed): !KU( ~k ) @ #vk.3
  solved goal nr. 11 (precomputed): !KU( ~k ) @ #vk.2
  solved goal nr. 11 (precomputed): !KU( ~k ) @ #vk.2
  solved goal nr. 11 (precomputed): !KU( ~k ) @ #vk.2
  solved goal nr. 11 (precomputed): !KU( ~k ) @ #vk.2
OK.

theory ISO11770_2_1 begin

// Function signature and definition of the equational theory E

functions: dec/2, enc/2, fst/1, pair/2, prefix/1, snd/1
equations:
    dec(enc(M, k), k) = M,
    fst(<x.1, x.2>) = x.1,
    prefix(enc(<X, Y>, k)) = enc(X, k),
    snd(<x.1, x.2>) = x.2



rule (modulo E) setup:
   [ Fr( ~k ) ] --[ KeyGen( $A, $B ) ]-> [ !SharedKey( $A, $B, ~k ) ]

  /* has exactly the trivial AC variant */

rule (modulo E) AB1:
   [ Fr( ~ta ), !SharedKey( $A, $B, kab ) ]
  -->
   [ Out( enc(<~ta, ~ta>, kab) ) ]

  /* has exactly the trivial AC variant */

rule (modulo E) Attack_test1:
   [ In( c ), In( m ), !SharedKey( $A, $B, kab ) ]
  --[ Eq( c, enc(m, kab) ), Attack_suc( ) ]->
   [ ]

  /* has exactly the trivial AC variant */

restriction Verif:
  "∀ x y #i. (Eq( x, y ) @ #i) ⇒ (x = y)"
  // safety formula

lemma Test:
  exists-trace "∃ #j. Attack_suc( ) @ #j"
/*
guarded formula characterizing all satisfying traces:
"∃ #j. (Attack_suc( ) @ #j)"
*/
simplify
solve( !SharedKey( $A, $B, kab ) ▶₂ #j )
  case setup
  solve( !KU( enc(m, ~k) ) @ #vk )
    case AB1_case_1
    solve( !KU( ~ta ) @ #vk.2 )
      case AB1_case_1
      by solve( !KU( ~k ) @ #vk.3 )
    next
      case AB1_case_2
      by solve( !KU( ~k ) @ #vk.3 )
    next
      case AB1_case_3
      by solve( !KU( ~k ) @ #vk.3 )
    next
      case AB1_case_4
      by solve( !KU( ~k ) @ #vk.3 )
    qed
  next
    case AB1_case_2
    by solve( !KU( ~k.1 ) @ #vk.2 )
  next
    case AB1_case_3
    solve( !KU( ~ta ) @ #vk.1 )
      case AB1_case_1
      by solve( !KU( ~k ) @ #vk.2 )
    next
      case AB1_case_2
      by solve( !KU( ~k ) @ #vk.2 )
    next
      case AB1_case_3
      by solve( !KU( ~k ) @ #vk.2 )
    next
      case AB1_case_4
      by solve( !KU( ~k ) @ #vk.2 )
    qed
  next
    case c_enc
    by solve( !KU( ~k ) @ #vk.2 )
  qed
qed

/* All well-formedness checks were successful. */

end

==============================================================================
summary of summaries:

analyzed: ISO11770-2-1.spthy

  Test (exists-trace): falsified - no trace found (15 steps)

==============================================================================

real	0m0.423s
user	0m0.483s
sys	0m0.035s
Finished processing ISO11770-2-1.spthy
------------------------------------------------------------
============================== END ==========================
------------------------------------------------------------

Running tamarin-prover on ISO11770-2-2.spthy...
maude tool: 'maude'
 checking version: 2.7.1. OK.
 checking installation:   solved goal nr. 0 (directly): Attack_suc( ) @ #j
  solved goal nr. 0 (directly): !SharedKey( t.1, t.2, t.3 ) ▶₀ #i
  solved goal nr. 0 (directly): !KU( ~t.1 ) @ #i
  solved goal nr. 0 (directly): !KU( dec(t.1, t.2) ) @ #i
  solved goal nr. 4 (directly):
    !SharedKey( $A.7, $B.7, kab.7 ) ▶₁ #vr.6
  solved goal nr. 0 (directly): !KU( enc(t.1, t.2) ) @ #i
  solved goal nr. 0 (directly): !KU( fst(t.1) ) @ #i
  solved goal nr. 0 (directly): !KU( prefix(t.1) ) @ #i
  solved goal nr. 0 (directly): !KU( snd(t.1) ) @ #i
  solved goal nr. 4 (directly):
    !SharedKey( $A.10, $B.10, t.2 ) ▶₁ #vr.9
  solved goal nr. 4 (precomputed): !SharedKey( $A, $B, kab ) ▶₂ #j
  solved goal nr. 5 (precomputed): !KU( enc(m, ~k) ) @ #vk
  solved goal nr. 9 (precomputed): !KU( ~kab1 ) @ #vk.1
  solved goal nr. 9 (precomputed): !KU( ~k ) @ #vk.2
  solved goal nr. 11 (precomputed): !KU( ~k ) @ #vk.2
OK.

theory ISO11770_2_2 begin

// Function signature and definition of the equational theory E

functions: dec/2, enc/2, fst/1, pair/2, prefix/1, snd/1
equations:
    dec(enc(M, k), k) = M,
    fst(<x.1, x.2>) = x.1,
    prefix(enc(<X, Y>, k)) = enc(X, k),
    snd(<x.1, x.2>) = x.2



rule (modulo E) setup:
   [ Fr( ~k ) ] --[ KeyGen( $A, $B ) ]-> [ !SharedKey( $A, $B, ~k ) ]

  /* has exactly the trivial AC variant */

rule (modulo E) AB1:
   [ Fr( ~kab1 ), !SharedKey( $A, $B, kab ) ] --> [ Out( enc(~kab1, kab) ) ]

  /* has exactly the trivial AC variant */

rule (modulo E) Attack_test1:
   [ In( c ), In( m ), !SharedKey( $A, $B, kab ) ]
  --[ Eq( c, enc(m, kab) ), Attack_suc( ) ]->
   [ ]

  /* has exactly the trivial AC variant */

restriction Verif:
  "∀ x y #i. (Eq( x, y ) @ #i) ⇒ (x = y)"
  // safety formula

lemma Test:
  exists-trace "∃ #j. Attack_suc( ) @ #j"
/*
guarded formula characterizing all satisfying traces:
"∃ #j. (Attack_suc( ) @ #j)"
*/
simplify
solve( !SharedKey( $A, $B, kab ) ▶₂ #j )
  case setup
  solve( !KU( enc(m, ~k) ) @ #vk )
    case AB1
    solve( !KU( ~kab1 ) @ #vk.1 )
      case AB1
      by solve( !KU( ~k ) @ #vk.2 )
    qed
  next
    case c_enc
    by solve( !KU( ~k ) @ #vk.2 )
  qed
qed

/* All well-formedness checks were successful. */

end

==============================================================================
summary of summaries:

analyzed: ISO11770-2-2.spthy

  Test (exists-trace): falsified - no trace found (6 steps)

==============================================================================

real	0m0.184s
user	0m0.117s
sys	0m0.006s
Finished processing ISO11770-2-2.spthy
------------------------------------------------------------
============================== END ==========================
------------------------------------------------------------

Running tamarin-prover on ISO11770-2-3.spthy...
maude tool: 'maude'
 checking version: 2.7.1. OK.
 checking installation:   solved goal nr. 0 (directly): Attack_suc( ) @ #j
  solved goal nr. 0 (directly): !SharedKey( t.1, t.2, t.3 ) ▶₀ #i
  solved goal nr. 0 (directly): !KU( ~t.1 ) @ #i
  solved goal nr. 0 (directly): !KU( fst(t.1) ) @ #i
  solved goal nr. 4 (directly):
    !SharedKey( $A.7, $B.7, kab.7 ) ▶₂ #vr.6
  solved goal nr. 0 (directly): !KU( prefix(t.1) ) @ #i
  solved goal nr. 0 (directly): !KU( enc(t.1, t.2) ) @ #i
  solved goal nr. 4 (directly):
    !SharedKey( $A.10, $B.10, t.2 ) ▶₂ #vr.9
  solved goal nr. 0 (directly): !KU( dec(t.1, t.2) ) @ #i
  solved goal nr. 0 (directly): !KU( snd(t.1) ) @ #i
  solved goal nr. 4 (directly):
    !SharedKey( $A.10, $B.10, kab.10 ) ▶₂ #vr.9
  solved goal nr. 4 (directly):
    !SharedKey( $A.10, $B.10, kab.10 ) ▶₂ #vr.9
  solved goal nr. 4 (directly):
    !SharedKey( $A.10, $B.10, kab.10 ) ▶₂ #vr.9
  solved goal nr. 4 (directly):
    !SharedKey( $A.7, $B.7, kab.7 ) ▶₂ #vr.6
  solved goal nr. 4 (directly):
    !SharedKey( $A.10, $B.10, kab.10 ) ▶₂ #vr.9
  solved goal nr. 4 (directly):
    !SharedKey( $A.7, $B.7, kab.7 ) ▶₂ #vr.6
  solved goal nr. 4 (directly):
    !SharedKey( $A.10, $B.10, kab.10 ) ▶₂ #vr.9
  solved goal nr. 4 (directly):
    !SharedKey( $A.7, $B.7, kab.7 ) ▶₂ #vr.6
  solved goal nr. 4 (directly):
    !SharedKey( $A.10, $B.10, kab.10 ) ▶₂ #vr.9
  solved goal nr. 4 (directly):
    !SharedKey( $A.7, $B.7, kab.7 ) ▶₂ #vr.6
  solved goal nr. 4 (directly):
    !SharedKey( $A.7, $B.7, kab.7 ) ▶₂ #vr.6
  solved goal nr. 4 (directly):
    !SharedKey( $A.10, $B.10, kab.10 ) ▶₂ #vr.9
  solved goal nr. 4 (directly):
    !SharedKey( $A.10, $B.10, kab.10 ) ▶₂ #vr.9
  solved goal nr. 4 (directly):
    !SharedKey( $A.7, $B.7, kab.7 ) ▶₂ #vr.6
  solved goal nr. 4 (directly):
    !SharedKey( $A.10, $B.10, kab.10 ) ▶₂ #vr.9
  solved goal nr. 4 (directly):
    !SharedKey( $A.10, $B.10, kab.10 ) ▶₂ #vr.9
  solved goal nr. 4 (directly):
    !SharedKey( $A.7, $B.7, kab.7 ) ▶₂ #vr.6
  solved goal nr. 4 (directly):
    !SharedKey( $A.10, $B.10, kab.10 ) ▶₂ #vr.9
  solved goal nr. 4 (directly):
    !SharedKey( $A.10, $B.10, kab.10 ) ▶₂ #vr.9
  solved goal nr. 4 (directly):
    !SharedKey( $A.10, $B.10, t.2 ) ▶₂ #vr.9
  solved goal nr. 4 (directly):
    !SharedKey( $A.10, $B.10, kab.10 ) ▶₂ #vr.9
  solved goal nr. 4 (directly):
    !SharedKey( $A.10, $B.10, kab.10 ) ▶₂ #vr.9
  solved goal nr. 4 (directly):
    !SharedKey( $A.10, $B.10, kab.10 ) ▶₂ #vr.9
  solved goal nr. 4 (directly):
    !SharedKey( $A.10, $B.10, kab.10 ) ▶₂ #vr.9
  solved goal nr. 4 (directly):
    !SharedKey( $A.7, $B.7, kab.7 ) ▶₂ #vr.6
  solved goal nr. 4 (directly):
    !SharedKey( $A.10, $B.10, t.2 ) ▶₂ #vr.9
  solved goal nr. 4 (directly):
    !SharedKey( $A.7, $B.7, kab.7 ) ▶₂ #vr.6
  solved goal nr. 4 (directly):
    !SharedKey( $A.10, $B.10, kab.10 ) ▶₂ #vr.9
  solved goal nr. 4 (directly):
    !SharedKey( $A.7, $B.7, kab.7 ) ▶₂ #vr.6
  solved goal nr. 4 (directly):
    !SharedKey( $A.10, $B.10, t.2 ) ▶₂ #vr.9
  solved goal nr. 4 (directly):
    !SharedKey( $A.7, $B.7, kab.7 ) ▶₂ #vr.6
  solved goal nr. 4 (directly):
    !SharedKey( $A.7, $B.7, kab.7 ) ▶₂ #vr.6
  solved goal nr. 4 (directly):
    !SharedKey( $A.7, $B.7, kab.7 ) ▶₂ #vr.6
  solved goal nr. 4 (directly):
    !SharedKey( $A.7, $B.7, kab.7 ) ▶₂ #vr.6
  solved goal nr. 4 (directly):
    !SharedKey( $A.7, $B.7, kab.7 ) ▶₂ #vr.6
  solved goal nr. 4 (directly):
    !SharedKey( $A.7, $B.7, kab.7 ) ▶₂ #vr.6
  solved goal nr. 4 (directly):
    !SharedKey( $A.7, $B.7, kab.7 ) ▶₂ #vr.6
  solved goal nr. 4 (directly):
    !SharedKey( $A.7, $B.7, kab.7 ) ▶₂ #vr.6
  solved goal nr. 4 (directly):
    !SharedKey( $A.7, $B.7, kab.7 ) ▶₂ #vr.6
  solved goal nr. 4 (directly):
    !SharedKey( $A.7, $B.7, kab.7 ) ▶₂ #vr.6
  solved goal nr. 4 (directly):
    !SharedKey( $A.7, $B.7, kab.7 ) ▶₂ #vr.6
  solved goal nr. 4 (directly):
    !SharedKey( $A.7, $B.7, kab.7 ) ▶₂ #vr.6
  solved goal nr. 4 (directly):
    !SharedKey( $A.7, $B.7, kab.7 ) ▶₂ #vr.6
  solved goal nr. 4 (directly):
    !SharedKey( $A.7, $B.7, kab.7 ) ▶₂ #vr.6
  solved goal nr. 4 (directly):
    !SharedKey( $A.7, $B.7, kab.7 ) ▶₂ #vr.6
  solved goal nr. 4 (directly):
    !SharedKey( $A.7, $B.7, kab.7 ) ▶₂ #vr.6
  solved goal nr. 4 (directly):
    !SharedKey( $A.7, $B.7, kab.7 ) ▶₂ #vr.6
  solved goal nr. 4 (directly):
    !SharedKey( $A.7, $B.7, kab.7 ) ▶₂ #vr.6
  solved goal nr. 4 (directly):
    !SharedKey( $A.7, $B.7, kab.7 ) ▶₂ #vr.6
  solved goal nr. 4 (precomputed): !SharedKey( $A, $B, kab ) ▶₂ #j
  solved goal nr. 5 (precomputed): !KU( enc(m, ~k) ) @ #vk
  solved goal nr. 8 (precomputed): !KU( ~k.1 ) @ #vk.2
  solved goal nr. 8 (precomputed): !KU( ~k.1 ) @ #vk.2
  solved goal nr. 12 (precomputed): !KU( ~ta ) @ #vk.4
  solved goal nr. 8 (precomputed): !KU( ~k.1 ) @ #vk.2
  solved goal nr. 8 (precomputed): !KU( ~k.1 ) @ #vk.2
  solved goal nr. 8 (precomputed): !KU( ~k.1 ) @ #vk.2
  solved goal nr. 8 (precomputed): !KU( ~k.1 ) @ #vk.2
  solved goal nr. 8 (precomputed): !KU( ~k.1 ) @ #vk.2
  solved goal nr. 8 (precomputed): !KU( ~k.1 ) @ #vk.2
  solved goal nr. 8 (precomputed): !KU( ~k.1 ) @ #vk.2
  solved goal nr. 8 (precomputed): !KU( ~k.1 ) @ #vk.2
  solved goal nr. 8 (precomputed): !KU( ~k.1 ) @ #vk.2
  solved goal nr. 8 (precomputed): !KU( ~k.1 ) @ #vk.2
  solved goal nr. 11 (precomputed): !KU( ~ta ) @ #vk.3
  solved goal nr. 8 (precomputed): !KU( ~k.1 ) @ #vk.2
  solved goal nr. 8 (precomputed): !KU( ~k.1 ) @ #vk.2
  solved goal nr. 8 (precomputed): !KU( ~k.1 ) @ #vk.2
  solved goal nr. 8 (precomputed): !KU( ~k.1 ) @ #vk.2
  solved goal nr. 10 (precomputed): !KU( ~ta ) @ #vk.2
  solved goal nr. 8 (precomputed): !KU( ~k.1 ) @ #vk.2
  solved goal nr. 9 (precomputed): !KU( ~ta ) @ #vk.1
  solved goal nr. 9 (precomputed): !KU( ~k ) @ #vk.2
  solved goal nr. 13 (precomputed): !KU( ~k ) @ #vk.3
  solved goal nr. 11 (precomputed): !KU( ~k ) @ #vk.2
  solved goal nr. 17 (precomputed): !KU( ~k ) @ #vk.7
  solved goal nr. 17 (precomputed): !KU( ~k ) @ #vk.7
  solved goal nr. 17 (precomputed): !KU( ~k ) @ #vk.7
  solved goal nr. 17 (precomputed): !KU( ~k ) @ #vk.7
  solved goal nr. 17 (precomputed): !KU( ~k ) @ #vk.7
  solved goal nr. 17 (precomputed): !KU( ~k ) @ #vk.7
  solved goal nr. 17 (precomputed): !KU( ~k ) @ #vk.7
  solved goal nr. 17 (precomputed): !KU( ~k ) @ #vk.7
  solved goal nr. 17 (precomputed): !KU( ~k ) @ #vk.7
  solved goal nr. 17 (precomputed): !KU( ~k ) @ #vk.7
  solved goal nr. 17 (precomputed): !KU( ~k ) @ #vk.7
  solved goal nr. 17 (precomputed): !KU( ~k ) @ #vk.7
  solved goal nr. 17 (precomputed): !KU( ~k ) @ #vk.7
  solved goal nr. 17 (precomputed): !KU( ~k ) @ #vk.7
  solved goal nr. 17 (precomputed): !KU( ~k ) @ #vk.7
  solved goal nr. 17 (precomputed): !KU( ~k ) @ #vk.7
  solved goal nr. 17 (precomputed): !KU( ~k ) @ #vk.7
  solved goal nr. 17 (precomputed): !KU( ~k ) @ #vk.7
  solved goal nr. 15 (precomputed): !KU( ~kab1 ) @ #vk.6
  solved goal nr. 15 (precomputed): !KU( ~kab1 ) @ #vk.6
  solved goal nr. 15 (precomputed): !KU( ~kab1 ) @ #vk.6
  solved goal nr. 15 (precomputed): !KU( ~kab1 ) @ #vk.6
  solved goal nr. 17 (precomputed): !KU( ~k ) @ #vk.7
  solved goal nr. 15 (precomputed): !KU( ~kab1 ) @ #vk.6
  solved goal nr. 15 (precomputed): !KU( ~kab1 ) @ #vk.6
  solved goal nr. 15 (precomputed): !KU( ~kab1 ) @ #vk.6
  solved goal nr. 15 (precomputed): !KU( ~kab1 ) @ #vk.6
  solved goal nr. 15 (precomputed): !KU( ~kab1 ) @ #vk.6
  solved goal nr. 17 (precomputed): !KU( ~k ) @ #vk.7
  solved goal nr. 15 (precomputed): !KU( ~kab1 ) @ #vk.6
  solved goal nr. 15 (precomputed): !KU( ~kab1 ) @ #vk.6
  solved goal nr. 17 (precomputed): !KU( ~k ) @ #vk.7
  solved goal nr. 17 (precomputed): !KU( ~k ) @ #vk.7
  solved goal nr. 17 (precomputed): !KU( ~k ) @ #vk.7
  solved goal nr. 17 (precomputed): !KU( ~k ) @ #vk.7
  solved goal nr. 17 (precomputed): !KU( ~k ) @ #vk.7
  solved goal nr. 17 (precomputed): !KU( ~k ) @ #vk.7
  solved goal nr. 17 (precomputed): !KU( ~k ) @ #vk.7
  solved goal nr. 17 (precomputed): !KU( ~k ) @ #vk.7
  solved goal nr. 17 (precomputed): !KU( ~k ) @ #vk.7
  solved goal nr. 15 (precomputed): !KU( ~k ) @ #vk.5
  solved goal nr. 15 (precomputed): !KU( ~k ) @ #vk.5
  solved goal nr. 15 (precomputed): !KU( ~k ) @ #vk.5
  solved goal nr. 15 (precomputed): !KU( ~k ) @ #vk.5
  solved goal nr. 15 (precomputed): !KU( ~k ) @ #vk.5
  solved goal nr. 15 (precomputed): !KU( ~k ) @ #vk.5
  solved goal nr. 15 (precomputed): !KU( ~k ) @ #vk.5
  solved goal nr. 15 (precomputed): !KU( ~k ) @ #vk.5
  solved goal nr. 15 (precomputed): !KU( ~k ) @ #vk.5
  solved goal nr. 15 (precomputed): !KU( ~k ) @ #vk.5
  solved goal nr. 15 (precomputed): !KU( ~k ) @ #vk.5
  solved goal nr. 15 (precomputed): !KU( ~k ) @ #vk.5
  solved goal nr. 15 (precomputed): !KU( ~k ) @ #vk.5
  solved goal nr. 15 (precomputed): !KU( ~k ) @ #vk.5
  solved goal nr. 15 (precomputed): !KU( ~k ) @ #vk.5
  solved goal nr. 15 (precomputed): !KU( ~k ) @ #vk.5
  solved goal nr. 15 (precomputed): !KU( ~k ) @ #vk.5
  solved goal nr. 15 (precomputed): !KU( ~k ) @ #vk.5
  solved goal nr. 15 (precomputed): !KU( ~k ) @ #vk.5
  solved goal nr. 15 (precomputed): !KU( ~k ) @ #vk.5
  solved goal nr. 15 (precomputed): !KU( ~k ) @ #vk.5
  solved goal nr. 15 (precomputed): !KU( ~k ) @ #vk.5
  solved goal nr. 15 (precomputed): !KU( ~k ) @ #vk.5
  solved goal nr. 15 (precomputed): !KU( ~k ) @ #vk.5
  solved goal nr. 15 (precomputed): !KU( ~k ) @ #vk.5
  solved goal nr. 15 (precomputed): !KU( ~k ) @ #vk.5
  solved goal nr. 15 (precomputed): !KU( ~k ) @ #vk.5
  solved goal nr. 15 (precomputed): !KU( ~k ) @ #vk.5
  solved goal nr. 15 (precomputed): !KU( ~k ) @ #vk.5
  solved goal nr. 13 (precomputed): !KU( ~k ) @ #vk.3
  solved goal nr. 13 (precomputed): !KU( ~k ) @ #vk.3
  solved goal nr. 13 (precomputed): !KU( ~k ) @ #vk.3
  solved goal nr. 13 (precomputed): !KU( ~k ) @ #vk.3
  solved goal nr. 13 (precomputed): !KU( ~k ) @ #vk.3
  solved goal nr. 13 (precomputed): !KU( ~k ) @ #vk.3
  solved goal nr. 13 (precomputed): !KU( ~k ) @ #vk.3
  solved goal nr. 13 (precomputed): !KU( ~k ) @ #vk.3
  solved goal nr. 13 (precomputed): !KU( ~k ) @ #vk.3
  solved goal nr. 13 (precomputed): !KU( ~k ) @ #vk.3
  solved goal nr. 13 (precomputed): !KU( ~k ) @ #vk.3
  solved goal nr. 13 (precomputed): !KU( ~k ) @ #vk.3
  solved goal nr. 13 (precomputed): !KU( ~k ) @ #vk.3
  solved goal nr. 13 (precomputed): !KU( ~k ) @ #vk.3
  solved goal nr. 13 (precomputed): !KU( ~k ) @ #vk.3
  solved goal nr. 13 (precomputed): !KU( ~k ) @ #vk.3
  solved goal nr. 13 (precomputed): !KU( ~k ) @ #vk.3
  solved goal nr. 13 (precomputed): !KU( ~k ) @ #vk.3
  solved goal nr. 13 (precomputed): !KU( ~k ) @ #vk.3
  solved goal nr. 13 (precomputed): !KU( ~k ) @ #vk.3
  solved goal nr. 13 (precomputed): !KU( ~k ) @ #vk.3
  solved goal nr. 13 (precomputed): !KU( ~k ) @ #vk.3
  solved goal nr. 13 (precomputed): !KU( ~k ) @ #vk.3
  solved goal nr. 13 (precomputed): !KU( ~k ) @ #vk.3
  solved goal nr. 13 (precomputed): !KU( ~k ) @ #vk.3
  solved goal nr. 13 (precomputed): !KU( ~k ) @ #vk.3
  solved goal nr. 13 (precomputed): !KU( ~k ) @ #vk.3
  solved goal nr. 13 (precomputed): !KU( ~k ) @ #vk.3
  solved goal nr. 11 (precomputed): !KU( ~k ) @ #vk.2
  solved goal nr. 11 (precomputed): !KU( ~k ) @ #vk.2
  solved goal nr. 11 (precomputed): !KU( ~k ) @ #vk.2
  solved goal nr. 11 (precomputed): !KU( ~k ) @ #vk.2
  solved goal nr. 11 (precomputed): !KU( ~k ) @ #vk.2
  solved goal nr. 11 (precomputed): !KU( ~k ) @ #vk.2
  solved goal nr. 11 (precomputed): !KU( ~k ) @ #vk.2
  solved goal nr. 11 (precomputed): !KU( ~k ) @ #vk.2
  solved goal nr. 11 (precomputed): !KU( ~k ) @ #vk.2
  solved goal nr. 11 (precomputed): !KU( ~k ) @ #vk.2
  solved goal nr. 11 (precomputed): !KU( ~k ) @ #vk.2
  solved goal nr. 11 (precomputed): !KU( ~k ) @ #vk.2
  solved goal nr. 11 (precomputed): !KU( ~k ) @ #vk.2
  solved goal nr. 11 (precomputed): !KU( ~k ) @ #vk.2
  solved goal nr. 11 (precomputed): !KU( ~k ) @ #vk.2
  solved goal nr. 11 (precomputed): !KU( ~k ) @ #vk.2
  solved goal nr. 11 (precomputed): !KU( ~k ) @ #vk.2
  solved goal nr. 11 (precomputed): !KU( ~k ) @ #vk.2
  solved goal nr. 11 (precomputed): !KU( ~k ) @ #vk.2
  solved goal nr. 11 (precomputed): !KU( ~k ) @ #vk.2
  solved goal nr. 11 (precomputed): !KU( ~k ) @ #vk.2
  solved goal nr. 11 (precomputed): !KU( ~k ) @ #vk.2
  solved goal nr. 11 (precomputed): !KU( ~k ) @ #vk.2
  solved goal nr. 11 (precomputed): !KU( ~k ) @ #vk.2
  solved goal nr. 11 (precomputed): !KU( ~k ) @ #vk.2
  solved goal nr. 11 (precomputed): !KU( ~k ) @ #vk.2
  solved goal nr. 11 (precomputed): !KU( ~k ) @ #vk.2
  solved goal nr. 11 (precomputed): !KU( ~k ) @ #vk.2
OK.

theory ISO11770_2_3 begin

// Function signature and definition of the equational theory E

functions: dec/2, enc/2, fst/1, pair/2, prefix/1, snd/1
equations:
    dec(enc(M, k), k) = M,
    fst(<x.1, x.2>) = x.1,
    prefix(enc(<X, Y>, k)) = enc(X, k),
    snd(<x.1, x.2>) = x.2



rule (modulo E) setup:
   [ Fr( ~k ) ] --[ KeyGen( $A, $B ) ]-> [ !SharedKey( $A, $B, ~k ) ]

  /* has exactly the trivial AC variant */

rule (modulo E) AB1:
   [ Fr( ~kab1 ), Fr( ~ta ), !SharedKey( $A, $B, kab ) ]
  -->
   [ Out( enc(<<<~ta, ~ta>, $B>, ~kab1>, kab) ) ]

  /* has exactly the trivial AC variant */

rule (modulo E) Attack_test1:
   [ In( c ), In( m ), !SharedKey( $A, $B, kab ) ]
  --[ Eq( c, enc(m, kab) ), Attack_suc( ) ]->
   [ ]

  /* has exactly the trivial AC variant */

restriction Verif:
  "∀ x y #i. (Eq( x, y ) @ #i) ⇒ (x = y)"
  // safety formula

lemma Test:
  exists-trace "∃ #j. Attack_suc( ) @ #j"
/*
guarded formula characterizing all satisfying traces:
"∃ #j. (Attack_suc( ) @ #j)"
*/
simplify
solve( !SharedKey( $A, $B, kab ) ▶₂ #j )
  case setup
  solve( !KU( enc(m, ~k) ) @ #vk )
    case AB1_case_01
    solve( !KU( ~ta ) @ #vk.4 )
      case AB1_case_01
      by solve( !KU( ~k ) @ #vk.7 )
    next
      case AB1_case_02
      by solve( !KU( ~k ) @ #vk.7 )
    next
      case AB1_case_03
      by solve( !KU( ~k ) @ #vk.7 )
    next
      case AB1_case_04
      by solve( !KU( ~k ) @ #vk.7 )
    next
      case AB1_case_05
      by solve( !KU( ~k ) @ #vk.7 )
    next
      case AB1_case_06
      by solve( !KU( ~k ) @ #vk.7 )
    next
      case AB1_case_07
      by solve( !KU( ~k ) @ #vk.7 )
    next
      case AB1_case_08
      by solve( !KU( ~k ) @ #vk.7 )
    next
      case AB1_case_09
      by solve( !KU( ~k ) @ #vk.7 )
    next
      case AB1_case_10
      by solve( !KU( ~k ) @ #vk.7 )
    next
      case AB1_case_11
      by solve( !KU( ~k ) @ #vk.7 )
    next
      case AB1_case_12
      by solve( !KU( ~k ) @ #vk.7 )
    next
      case AB1_case_13
      by solve( !KU( ~k ) @ #vk.7 )
    next
      case AB1_case_14
      by solve( !KU( ~k ) @ #vk.7 )
    next
      case AB1_case_15
      by solve( !KU( ~k ) @ #vk.7 )
    next
      case AB1_case_16
      by solve( !KU( ~k ) @ #vk.7 )
    next
      case AB1_case_17
      by solve( !KU( ~k ) @ #vk.7 )
    next
      case AB1_case_18
      by solve( !KU( ~k ) @ #vk.7 )
    next
      case AB1_case_19
      solve( !KU( ~kab1 ) @ #vk.6 )
        case AB1
        by solve( !KU( ~k ) @ #vk.7 )
      qed
    next
      case AB1_case_20
      solve( !KU( ~kab1 ) @ #vk.6 )
        case AB1
        by solve( !KU( ~k ) @ #vk.7 )
      qed
    next
      case AB1_case_21
      solve( !KU( ~kab1 ) @ #vk.6 )
        case AB1
        by solve( !KU( ~k ) @ #vk.7 )
      qed
    next
      case AB1_case_22
      solve( !KU( ~kab1 ) @ #vk.6 )
        case AB1
        by solve( !KU( ~k ) @ #vk.7 )
      qed
    next
      case AB1_case_23
      solve( !KU( ~kab1 ) @ #vk.6 )
        case AB1
        by solve( !KU( ~k ) @ #vk.7 )
      qed
    next
      case AB1_case_24
      solve( !KU( ~kab1 ) @ #vk.6 )
        case AB1
        by solve( !KU( ~k ) @ #vk.7 )
      qed
    next
      case AB1_case_25
      solve( !KU( ~kab1 ) @ #vk.6 )
        case AB1
        by solve( !KU( ~k ) @ #vk.7 )
      qed
    next
      case AB1_case_26
      solve( !KU( ~kab1 ) @ #vk.6 )
        case AB1
        by solve( !KU( ~k ) @ #vk.7 )
      qed
    next
      case AB1_case_27
      solve( !KU( ~kab1 ) @ #vk.6 )
        case AB1
        by solve( !KU( ~k ) @ #vk.7 )
      qed
    next
      case AB1_case_28
      solve( !KU( ~kab1 ) @ #vk.6 )
        case AB1
        by solve( !KU( ~k ) @ #vk.7 )
      qed
    next
      case AB1_case_29
      solve( !KU( ~kab1 ) @ #vk.6 )
        case AB1
        by solve( !KU( ~k ) @ #vk.7 )
      qed
    qed
  next
    case AB1_case_02
    by solve( !KU( ~k.1 ) @ #vk.2 )
  next
    case AB1_case_03
    by solve( !KU( ~k.1 ) @ #vk.2 )
  next
    case AB1_case_04
    by solve( !KU( ~k.1 ) @ #vk.2 )
  next
    case AB1_case_05
    by solve( !KU( ~k.1 ) @ #vk.2 )
  next
    case AB1_case_06
    by solve( !KU( ~k.1 ) @ #vk.2 )
  next
    case AB1_case_07
    by solve( !KU( ~k.1 ) @ #vk.2 )
  next
    case AB1_case_08
    by solve( !KU( ~k.1 ) @ #vk.2 )
  next
    case AB1_case_09
    by solve( !KU( ~k.1 ) @ #vk.2 )
  next
    case AB1_case_10
    by solve( !KU( ~k.1 ) @ #vk.2 )
  next
    case AB1_case_11
    by solve( !KU( ~k.1 ) @ #vk.2 )
  next
    case AB1_case_12
    by solve( !KU( ~k.1 ) @ #vk.2 )
  next
    case AB1_case_13
    by solve( !KU( ~k.1 ) @ #vk.2 )
  next
    case AB1_case_14
    solve( !KU( ~ta ) @ #vk.3 )
      case AB1_case_01
      by solve( !KU( ~k ) @ #vk.5 )
    next
      case AB1_case_02
      by solve( !KU( ~k ) @ #vk.5 )
    next
      case AB1_case_03
      by solve( !KU( ~k ) @ #vk.5 )
    next
      case AB1_case_04
      by solve( !KU( ~k ) @ #vk.5 )
    next
      case AB1_case_05
      by solve( !KU( ~k ) @ #vk.5 )
    next
      case AB1_case_06
      by solve( !KU( ~k ) @ #vk.5 )
    next
      case AB1_case_07
      by solve( !KU( ~k ) @ #vk.5 )
    next
      case AB1_case_08
      by solve( !KU( ~k ) @ #vk.5 )
    next
      case AB1_case_09
      by solve( !KU( ~k ) @ #vk.5 )
    next
      case AB1_case_10
      by solve( !KU( ~k ) @ #vk.5 )
    next
      case AB1_case_11
      by solve( !KU( ~k ) @ #vk.5 )
    next
      case AB1_case_12
      by solve( !KU( ~k ) @ #vk.5 )
    next
      case AB1_case_13
      by solve( !KU( ~k ) @ #vk.5 )
    next
      case AB1_case_14
      by solve( !KU( ~k ) @ #vk.5 )
    next
      case AB1_case_15
      by solve( !KU( ~k ) @ #vk.5 )
    next
      case AB1_case_16
      by solve( !KU( ~k ) @ #vk.5 )
    next
      case AB1_case_17
      by solve( !KU( ~k ) @ #vk.5 )
    next
      case AB1_case_18
      by solve( !KU( ~k ) @ #vk.5 )
    next
      case AB1_case_19
      by solve( !KU( ~k ) @ #vk.5 )
    next
      case AB1_case_20
      by solve( !KU( ~k ) @ #vk.5 )
    next
      case AB1_case_21
      by solve( !KU( ~k ) @ #vk.5 )
    next
      case AB1_case_22
      by solve( !KU( ~k ) @ #vk.5 )
    next
      case AB1_case_23
      by solve( !KU( ~k ) @ #vk.5 )
    next
      case AB1_case_24
      by solve( !KU( ~k ) @ #vk.5 )
    next
      case AB1_case_25
      by solve( !KU( ~k ) @ #vk.5 )
    next
      case AB1_case_26
      by solve( !KU( ~k ) @ #vk.5 )
    next
      case AB1_case_27
      by solve( !KU( ~k ) @ #vk.5 )
    next
      case AB1_case_28
      by solve( !KU( ~k ) @ #vk.5 )
    next
      case AB1_case_29
      by solve( !KU( ~k ) @ #vk.5 )
    qed
  next
    case AB1_case_15
    by solve( !KU( ~k.1 ) @ #vk.2 )
  next
    case AB1_case_16
    by solve( !KU( ~k.1 ) @ #vk.2 )
  next
    case AB1_case_17
    by solve( !KU( ~k.1 ) @ #vk.2 )
  next
    case AB1_case_18
    by solve( !KU( ~k.1 ) @ #vk.2 )
  next
    case AB1_case_19
    solve( !KU( ~ta ) @ #vk.2 )
      case AB1_case_01
      by solve( !KU( ~k ) @ #vk.3 )
    next
      case AB1_case_02
      by solve( !KU( ~k ) @ #vk.3 )
    next
      case AB1_case_03
      by solve( !KU( ~k ) @ #vk.3 )
    next
      case AB1_case_04
      by solve( !KU( ~k ) @ #vk.3 )
    next
      case AB1_case_05
      by solve( !KU( ~k ) @ #vk.3 )
    next
      case AB1_case_06
      by solve( !KU( ~k ) @ #vk.3 )
    next
      case AB1_case_07
      by solve( !KU( ~k ) @ #vk.3 )
    next
      case AB1_case_08
      by solve( !KU( ~k ) @ #vk.3 )
    next
      case AB1_case_09
      by solve( !KU( ~k ) @ #vk.3 )
    next
      case AB1_case_10
      by solve( !KU( ~k ) @ #vk.3 )
    next
      case AB1_case_11
      by solve( !KU( ~k ) @ #vk.3 )
    next
      case AB1_case_12
      by solve( !KU( ~k ) @ #vk.3 )
    next
      case AB1_case_13
      by solve( !KU( ~k ) @ #vk.3 )
    next
      case AB1_case_14
      by solve( !KU( ~k ) @ #vk.3 )
    next
      case AB1_case_15
      by solve( !KU( ~k ) @ #vk.3 )
    next
      case AB1_case_16
      by solve( !KU( ~k ) @ #vk.3 )
    next
      case AB1_case_17
      by solve( !KU( ~k ) @ #vk.3 )
    next
      case AB1_case_18
      by solve( !KU( ~k ) @ #vk.3 )
    next
      case AB1_case_19
      by solve( !KU( ~k ) @ #vk.3 )
    next
      case AB1_case_20
      by solve( !KU( ~k ) @ #vk.3 )
    next
      case AB1_case_21
      by solve( !KU( ~k ) @ #vk.3 )
    next
      case AB1_case_22
      by solve( !KU( ~k ) @ #vk.3 )
    next
      case AB1_case_23
      by solve( !KU( ~k ) @ #vk.3 )
    next
      case AB1_case_24
      by solve( !KU( ~k ) @ #vk.3 )
    next
      case AB1_case_25
      by solve( !KU( ~k ) @ #vk.3 )
    next
      case AB1_case_26
      by solve( !KU( ~k ) @ #vk.3 )
    next
      case AB1_case_27
      by solve( !KU( ~k ) @ #vk.3 )
    next
      case AB1_case_28
      by solve( !KU( ~k ) @ #vk.3 )
    next
      case AB1_case_29
      by solve( !KU( ~k ) @ #vk.3 )
    qed
  next
    case AB1_case_20
    by solve( !KU( ~k.1 ) @ #vk.2 )
  next
    case AB1_case_21
    solve( !KU( ~ta ) @ #vk.1 )
      case AB1_case_01
      by solve( !KU( ~k ) @ #vk.2 )
    next
      case AB1_case_02
      by solve( !KU( ~k ) @ #vk.2 )
    next
      case AB1_case_03
      by solve( !KU( ~k ) @ #vk.2 )
    next
      case AB1_case_04
      by solve( !KU( ~k ) @ #vk.2 )
    next
      case AB1_case_05
      by solve( !KU( ~k ) @ #vk.2 )
    next
      case AB1_case_06
      by solve( !KU( ~k ) @ #vk.2 )
    next
      case AB1_case_07
      by solve( !KU( ~k ) @ #vk.2 )
    next
      case AB1_case_08
      by solve( !KU( ~k ) @ #vk.2 )
    next
      case AB1_case_09
      by solve( !KU( ~k ) @ #vk.2 )
    next
      case AB1_case_10
      by solve( !KU( ~k ) @ #vk.2 )
    next
      case AB1_case_11
      by solve( !KU( ~k ) @ #vk.2 )
    next
      case AB1_case_12
      by solve( !KU( ~k ) @ #vk.2 )
    next
      case AB1_case_13
      by solve( !KU( ~k ) @ #vk.2 )
    next
      case AB1_case_14
      by solve( !KU( ~k ) @ #vk.2 )
    next
      case AB1_case_15
      by solve( !KU( ~k ) @ #vk.2 )
    next
      case AB1_case_16
      by solve( !KU( ~k ) @ #vk.2 )
    next
      case AB1_case_17
      by solve( !KU( ~k ) @ #vk.2 )
    next
      case AB1_case_18
      by solve( !KU( ~k ) @ #vk.2 )
    next
      case AB1_case_19
      by solve( !KU( ~k ) @ #vk.2 )
    next
      case AB1_case_20
      by solve( !KU( ~k ) @ #vk.2 )
    next
      case AB1_case_21
      by solve( !KU( ~k ) @ #vk.2 )
    next
      case AB1_case_22
      by solve( !KU( ~k ) @ #vk.2 )
    next
      case AB1_case_23
      by solve( !KU( ~k ) @ #vk.2 )
    next
      case AB1_case_24
      by solve( !KU( ~k ) @ #vk.2 )
    next
      case AB1_case_25
      by solve( !KU( ~k ) @ #vk.2 )
    next
      case AB1_case_26
      by solve( !KU( ~k ) @ #vk.2 )
    next
      case AB1_case_27
      by solve( !KU( ~k ) @ #vk.2 )
    next
      case AB1_case_28
      by solve( !KU( ~k ) @ #vk.2 )
    next
      case AB1_case_29
      by solve( !KU( ~k ) @ #vk.2 )
    qed
  next
    case c_enc
    by solve( !KU( ~k ) @ #vk.2 )
  qed
qed

/* All well-formedness checks were successful. */

end

==============================================================================
summary of summaries:

analyzed: ISO11770-2-3.spthy

  Test (exists-trace): falsified - no trace found (152 steps)

==============================================================================

real	0m7.794s
user	0m13.657s
sys	0m0.840s
Finished processing ISO11770-2-3.spthy
------------------------------------------------------------
============================== END ==========================
------------------------------------------------------------

Running tamarin-prover on ISO11770-2-4.spthy...
maude tool: 'maude'
 checking version: 2.7.1. OK.
 checking installation:   solved goal nr. 0 (directly): Attack_suc( ) @ #j
  solved goal nr. 0 (directly): !SharedKey( t.1, t.2, t.3 ) ▶₀ #i
  solved goal nr. 0 (directly): BA1( t.1, t.2, t.3 ) ▶₀ #i
  solved goal nr. 2 (directly):
    !SharedKey( $A.5, $B.5, kab.5 ) ▶₁ #vr.4
  solved goal nr. 0 (directly): !KU( ~t.1 ) @ #i
  solved goal nr. 0 (directly): !KU( dec(t.1, t.2) ) @ #i
  solved goal nr. 4 (directly):
    !SharedKey( $A.7, $B.7, kab.7 ) ▶₁ #vr.6
  solved goal nr. 0 (directly): !KU( enc(t.1, t.2) ) @ #i
  solved goal nr. 0 (directly): !KU( fst(t.1) ) @ #i
  solved goal nr. 0 (directly): !KU( prefix(t.1) ) @ #i
  solved goal nr. 5 (directly):
    !SharedKey( $A.10, $B.10, kab.10 ) ▶₂ #vr.9
  solved goal nr. 5 (directly):
    !SharedKey( $A.7, $B.7, kab.7 ) ▶₂ #vr.6
  solved goal nr. 5 (directly):
    !SharedKey( $A.10, $B.10, t.2 ) ▶₂ #vr.9
  solved goal nr. 5 (directly):
    !SharedKey( $A.7, $B.7, kab.7 ) ▶₂ #vr.6
  solved goal nr. 5 (directly):
    !SharedKey( $A.7, $B.7, kab.7 ) ▶₂ #vr.6
  solved goal nr. 5 (directly):
    !SharedKey( $A.10, $B.10, kab.10 ) ▶₂ #vr.9
  solved goal nr. 0 (directly): !KU( snd(t.1) ) @ #i
  solved goal nr. 5 (directly):
    !SharedKey( $A.10, $B.10, kab.10 ) ▶₂ #vr.9
  solved goal nr. 5 (directly):
    !SharedKey( $A.10, $B.10, kab.10 ) ▶₂ #vr.9
  solved goal nr. 5 (directly):
    !SharedKey( $A.7, $B.7, kab.7 ) ▶₂ #vr.6
  solved goal nr. 5 (directly):
    !SharedKey( $A.7, $B.7, kab.7 ) ▶₂ #vr.6
  solved goal nr. 5 (directly):
    !SharedKey( $A.10, $B.10, kab.10 ) ▶₂ #vr.9
  solved goal nr. 5 (directly):
    !SharedKey( $A.7, $B.7, kab.7 ) ▶₂ #vr.6
  solved goal nr. 5 (directly):
    !SharedKey( $A.7, $B.7, kab.7 ) ▶₂ #vr.6
  solved goal nr. 5 (directly):
    !SharedKey( $A.10, $B.10, kab.10 ) ▶₂ #vr.9
  solved goal nr. 5 (directly):
    !SharedKey( $A.10, $B.10, kab.10 ) ▶₂ #vr.9
  solved goal nr. 5 (directly):
    !SharedKey( $A.7, $B.7, kab.7 ) ▶₂ #vr.6
  solved goal nr. 5 (directly):
    !SharedKey( $A.7, $B.7, kab.7 ) ▶₂ #vr.6
  solved goal nr. 5 (directly):
    !SharedKey( $A.7, $B.7, kab.7 ) ▶₂ #vr.6
  solved goal nr. 5 (directly):
    !SharedKey( $A.7, $B.7, kab.7 ) ▶₂ #vr.6
  solved goal nr. 5 (directly):
    !SharedKey( $A.7, $B.7, kab.7 ) ▶₂ #vr.6
  solved goal nr. 5 (directly):
    !SharedKey( $A.7, $B.7, kab.7 ) ▶₂ #vr.6
  solved goal nr. 5 (directly):
    !SharedKey( $A.7, $B.7, kab.7 ) ▶₂ #vr.6
  solved goal nr. 5 (directly):
    !SharedKey( $A.7, $B.7, kab.7 ) ▶₂ #vr.6
  solved goal nr. 5 (directly):
    !SharedKey( $A.7, $B.7, kab.7 ) ▶₂ #vr.6
  solved goal nr. 5 (directly):
    !SharedKey( $A.10, $B.10, kab.10 ) ▶₂ #vr.9
  solved goal nr. 5 (directly):
    !SharedKey( $A.7, $B.7, kab.7 ) ▶₂ #vr.6
  solved goal nr. 5 (directly):
    !SharedKey( $A.7, $B.7, kab.7 ) ▶₂ #vr.6
  solved goal nr. 5 (directly):
    !SharedKey( $A.7, $B.7, kab.7 ) ▶₂ #vr.6
  solved goal nr. 5 (directly):
    !SharedKey( $A.10, $B.10, kab.10 ) ▶₂ #vr.9
  solved goal nr. 5 (directly):
    !SharedKey( $A.10, $B.10, kab.10 ) ▶₂ #vr.9
  solved goal nr. 5 (directly):
    !SharedKey( $A.7, $B.7, kab.7 ) ▶₂ #vr.6
  solved goal nr. 5 (directly):
    !SharedKey( $A.10, $B.10, kab.10 ) ▶₂ #vr.9
  solved goal nr. 5 (directly):
    !SharedKey( $A.10, $B.10, kab.10 ) ▶₂ #vr.9
  solved goal nr. 5 (directly):
    !SharedKey( $A.10, $B.10, t.2 ) ▶₂ #vr.9
  solved goal nr. 5 (directly):
    !SharedKey( $A.7, $B.7, kab.7 ) ▶₂ #vr.6
  solved goal nr. 5 (directly):
    !SharedKey( $A.10, $B.10, kab.10 ) ▶₂ #vr.9
  solved goal nr. 5 (directly):
    !SharedKey( $A.10, $B.10, kab.10 ) ▶₂ #vr.9
  solved goal nr. 5 (directly):
    !SharedKey( $A.10, $B.10, t.2 ) ▶₂ #vr.9
  solved goal nr. 5 (directly):
    !SharedKey( $A.10, $B.10, kab.10 ) ▶₂ #vr.9
saturateSources: Saturation aborted, more than 5 iterations.
  solved goal nr. 4 (precomputed): !SharedKey( $A, $B, kab ) ▶₂ #j
  solved goal nr. 5 (precomputed): !KU( enc(m, ~k) ) @ #vk
  solved goal nr. 14 (precomputed): !KU( ~kab1 ) @ #vk.5
  solved goal nr. 9 (precomputed): !KU( ~k.1 ) @ #vk.2
  solved goal nr. 9 (precomputed): !KU( ~k.1 ) @ #vk.3
  solved goal nr. 9 (precomputed): !KU( ~k.1 ) @ #vk.4
  solved goal nr. 9 (precomputed): !KU( ~k.1 ) @ #vk.4
  solved goal nr. 9 (precomputed): !KU( ~k.1 ) @ #vk.4
  solved goal nr. 9 (precomputed): !KU( ~k.1 ) @ #vk.4
  solved goal nr. 9 (precomputed): !KU( ~k.1 ) @ #vk.3
  solved goal nr. 9 (precomputed): !KU( ~k.1 ) @ #vk.2
  solved goal nr. 9 (precomputed): !KU( ~k.1 ) @ #vk.3
  solved goal nr. 9 (precomputed): !KU( ~k.1 ) @ #vk.4
  solved goal nr. 9 (precomputed): !KU( ~k.1 ) @ #vk.4
  solved goal nr. 9 (precomputed): !KU( ~k.1 ) @ #vk.4
  solved goal nr. 9 (precomputed): !KU( ~k.1 ) @ #vk.2
  solved goal nr. 9 (precomputed): !KU( ~k.1 ) @ #vk.4
  solved goal nr. 9 (precomputed): !KU( ~k.1 ) @ #vk.3
  solved goal nr. 9 (precomputed): !KU( ~k.1 ) @ #vk.4
  solved goal nr. 9 (precomputed): !KU( ~k.1 ) @ #vk.4
  solved goal nr. 9 (precomputed): !KU( ~k.1 ) @ #vk.4
  solved goal nr. 9 (precomputed): !KU( ~k.1 ) @ #vk.4
  solved goal nr. 9 (precomputed): !KU( ~k.1 ) @ #vk.2
  solved goal nr. 9 (precomputed): !KU( ~k.1 ) @ #vk.3
  solved goal nr. 9 (precomputed): !KU( ~k.1 ) @ #vk.4
OK.

theory ISO11770_2_4 begin

// Function signature and definition of the equational theory E

functions: dec/2, enc/2, fst/1, pair/2, prefix/1, snd/1
equations:
    dec(enc(M, k), k) = M,
    fst(<x.1, x.2>) = x.1,
    prefix(enc(<X, Y>, k)) = enc(X, k),
    snd(<x.1, x.2>) = x.2



rule (modulo E) setup:
   [ Fr( ~k ) ] --[ KeyGen( $A, $B ) ]-> [ !SharedKey( $A, $B, ~k ) ]

  /* has exactly the trivial AC variant */

rule (modulo E) BA1:
   [ Fr( ~nb ), !SharedKey( $A, $B, kab ) ]
  -->
   [ BA1( $A, $B, ~nb ), Out( ~nb ) ]

  /* has exactly the trivial AC variant */

rule (modulo E) AB2:
   [ In( nb ), Fr( ~kab1 ), !SharedKey( $A, $B, kab ) ]
  -->
   [ Out( enc(<<nb, $B>, ~kab1>, kab) ) ]

  /* has exactly the trivial AC variant */

rule (modulo E) Attack_test1:
   [ In( c ), In( m ), !SharedKey( $A, $B, kab ) ]
  --[ Eq( c, enc(m, kab) ), Attack_suc( ) ]->
   [ ]

  /* has exactly the trivial AC variant */

restriction Verif:
  "∀ x y #i. (Eq( x, y ) @ #i) ⇒ (x = y)"
  // safety formula

lemma Test:
  exists-trace "∃ #j. Attack_suc( ) @ #j"
/*
guarded formula characterizing all satisfying traces:
"∃ #j. (Attack_suc( ) @ #j)"
*/
simplify
solve( !SharedKey( $A, $B, kab ) ▶₂ #j )
  case setup
  solve( !KU( enc(m, ~k) ) @ #vk )
    case AB2_case_24
    SOLVED // trace found
  qed
qed

/* All well-formedness checks were successful. */

end

==============================================================================
summary of summaries:

analyzed: ISO11770-2-4.spthy

  Test (exists-trace): verified (4 steps)

==============================================================================

real	0m1.375s
user	0m2.153s
sys	0m0.185s
Finished processing ISO11770-2-4.spthy
------------------------------------------------------------
============================== END ==========================
------------------------------------------------------------

Running tamarin-prover on ISO11770-2-5.spthy...
maude tool: 'maude'
 checking version: 2.7.1. OK.
 checking installation:   solved goal nr. 0 (directly): Attack_suc( ) @ #j
  solved goal nr. 0 (directly): !SharedKey( t.1, t.2, t.3 ) ▶₀ #i
  solved goal nr. 0 (directly): !KU( ~t.1 ) @ #i
  solved goal nr. 0 (directly): !KU( dec(t.1, t.2) ) @ #i
  solved goal nr. 4 (directly):
    !SharedKey( $A.7, $B.7, kab.7 ) ▶₂ #vr.6
  solved goal nr. 0 (directly): !KU( enc(t.1, t.2) ) @ #i
  solved goal nr. 0 (directly): !KU( fst(t.1) ) @ #i
  solved goal nr. 0 (directly): !KU( prefix(t.1) ) @ #i
  solved goal nr. 0 (directly): !KU( snd(t.1) ) @ #i
  solved goal nr. 4 (directly):
    !SharedKey( $A.10, $B.10, t.2 ) ▶₂ #vr.9
  solved goal nr. 4 (directly):
    !SharedKey( $A.7, $B.7, kab.7 ) ▶₂ #vr.6
  solved goal nr. 4 (directly):
    !SharedKey( $A.10, $B.10, kab.10 ) ▶₂ #vr.9
  solved goal nr. 4 (directly):
    !SharedKey( $A.7, $B.7, kab.7 ) ▶₂ #vr.6
  solved goal nr. 4 (directly):
    !SharedKey( $A.10, $B.10, kab.10 ) ▶₂ #vr.9
  solved goal nr. 4 (directly):
    !SharedKey( $A.7, $B.7, kab.7 ) ▶₂ #vr.6
  solved goal nr. 4 (directly):
    !SharedKey( $A.10, $B.10, kab.10 ) ▶₂ #vr.9
  solved goal nr. 4 (directly):
    !SharedKey( $A.7, $B.7, kab.7 ) ▶₂ #vr.6
  solved goal nr. 4 (directly):
    !SharedKey( $A.7, $B.7, kab.7 ) ▶₂ #vr.6
  solved goal nr. 4 (directly):
    !SharedKey( $A.10, $B.10, kab.10 ) ▶₂ #vr.9
  solved goal nr. 4 (directly):
    !SharedKey( $A.7, $B.7, kab.7 ) ▶₂ #vr.6
  solved goal nr. 4 (directly):
    !SharedKey( $A.10, $B.10, kab.10 ) ▶₂ #vr.9
  solved goal nr. 4 (directly):
    !SharedKey( $A.7, $B.7, kab.7 ) ▶₂ #vr.6
  solved goal nr. 4 (directly):
    !SharedKey( $A.7, $B.7, kab.7 ) ▶₂ #vr.6
  solved goal nr. 4 (directly):
    !SharedKey( $A.10, $B.10, kab.10 ) ▶₂ #vr.9
  solved goal nr. 4 (directly):
    !SharedKey( $A.7, $B.7, kab.7 ) ▶₂ #vr.6
  solved goal nr. 4 (directly):
    !SharedKey( $A.10, $B.10, kab.10 ) ▶₂ #vr.9
  solved goal nr. 4 (directly):
    !SharedKey( $A.7, $B.7, kab.7 ) ▶₂ #vr.6
  solved goal nr. 4 (directly):
    !SharedKey( $A.10, $B.10, kab.10 ) ▶₂ #vr.9
  solved goal nr. 4 (directly):
    !SharedKey( $A.7, $B.7, kab.7 ) ▶₂ #vr.6
  solved goal nr. 4 (directly):
    !SharedKey( $A.7, $B.7, kab.7 ) ▶₂ #vr.6
  solved goal nr. 4 (directly):
    !SharedKey( $A.10, $B.10, kab.10 ) ▶₂ #vr.9
  solved goal nr. 4 (directly):
    !SharedKey( $A.7, $B.7, kab.7 ) ▶₂ #vr.6
  solved goal nr. 4 (directly):
    !SharedKey( $A.7, $B.7, kab.7 ) ▶₂ #vr.6
  solved goal nr. 4 (directly):
    !SharedKey( $A.7, $B.7, kab.7 ) ▶₂ #vr.6
  solved goal nr. 4 (directly):
    !SharedKey( $A.7, $B.7, kab.7 ) ▶₂ #vr.6
  solved goal nr. 4 (directly):
    !SharedKey( $A.7, $B.7, kab.7 ) ▶₂ #vr.6
  solved goal nr. 4 (directly):
    !SharedKey( $A.7, $B.7, kab.7 ) ▶₂ #vr.6
  solved goal nr. 4 (directly):
    !SharedKey( $A.7, $B.7, kab.7 ) ▶₂ #vr.6
  solved goal nr. 4 (directly):
    !SharedKey( $A.10, $B.10, kab.10 ) ▶₂ #vr.9
  solved goal nr. 4 (directly):
    !SharedKey( $A.7, $B.7, kab.7 ) ▶₂ #vr.6
  solved goal nr. 4 (directly):
    !SharedKey( $A.7, $B.7, kab.7 ) ▶₂ #vr.6
  solved goal nr. 4 (directly):
    !SharedKey( $A.10, $B.10, kab.10 ) ▶₂ #vr.9
  solved goal nr. 4 (directly):
    !SharedKey( $A.7, $B.7, kab.7 ) ▶₂ #vr.6
  solved goal nr. 4 (directly):
    !SharedKey( $A.10, $B.10, kab.10 ) ▶₂ #vr.9
  solved goal nr. 4 (directly):
    !SharedKey( $A.7, $B.7, kab.7 ) ▶₂ #vr.6
  solved goal nr. 4 (directly):
    !SharedKey( $A.10, $B.10, t.2 ) ▶₂ #vr.9
  solved goal nr. 4 (directly):
    !SharedKey( $A.7, $B.7, kab.7 ) ▶₂ #vr.6
  solved goal nr. 4 (directly):
    !SharedKey( $A.7, $B.7, kab.7 ) ▶₂ #vr.6
  solved goal nr. 4 (directly):
    !SharedKey( $A.7, $B.7, kab.7 ) ▶₂ #vr.6
  solved goal nr. 4 (directly):
    !SharedKey( $A.7, $B.7, kab.7 ) ▶₂ #vr.6
  solved goal nr. 4 (directly):
    !SharedKey( $A.7, $B.7, kab.7 ) ▶₂ #vr.6
  solved goal nr. 4 (directly):
    !SharedKey( $A.7, $B.7, kab.7 ) ▶₂ #vr.6
  solved goal nr. 4 (directly):
    !SharedKey( $A.10, $B.10, kab.10 ) ▶₂ #vr.9
  solved goal nr. 4 (directly):
    !SharedKey( $A.10, $B.10, kab.10 ) ▶₂ #vr.9
  solved goal nr. 4 (directly):
    !SharedKey( $A.7, $B.7, kab.7 ) ▶₂ #vr.6
  solved goal nr. 4 (directly):
    !SharedKey( $A.7, $B.7, kab.7 ) ▶₂ #vr.6
  solved goal nr. 4 (directly):
    !SharedKey( $A.10, $B.10, kab.10 ) ▶₂ #vr.9
  solved goal nr. 4 (directly):
    !SharedKey( $A.7, $B.7, kab.7 ) ▶₂ #vr.6
  solved goal nr. 4 (directly):
    !SharedKey( $A.7, $B.7, kab.7 ) ▶₂ #vr.6
  solved goal nr. 4 (directly):
    !SharedKey( $A.7, $B.7, kab.7 ) ▶₂ #vr.6
  solved goal nr. 4 (directly):
    !SharedKey( $A.10, $B.10, kab.10 ) ▶₂ #vr.9
  solved goal nr. 4 (directly):
    !SharedKey( $A.7, $B.7, kab.7 ) ▶₂ #vr.6
  solved goal nr. 4 (directly):
    !SharedKey( $A.10, $B.10, t.2 ) ▶₂ #vr.9
  solved goal nr. 4 (directly):
    !SharedKey( $A.7, $B.7, kab.7 ) ▶₂ #vr.6
  solved goal nr. 4 (directly):
    !SharedKey( $A.10, $B.10, kab.10 ) ▶₂ #vr.9
  solved goal nr. 4 (directly):
    !SharedKey( $A.7, $B.7, kab.7 ) ▶₂ #vr.6
  solved goal nr. 4 (directly):
    !SharedKey( $A.10, $B.10, t.2 ) ▶₂ #vr.9
  solved goal nr. 4 (directly):
    !SharedKey( $A.10, $B.10, t.2 ) ▶₂ #vr.9
  solved goal nr. 4 (directly):
    !SharedKey( $A.7, $B.7, kab.7 ) ▶₂ #vr.6
  solved goal nr. 4 (directly):
    !SharedKey( $A.7, $B.7, kab.7 ) ▶₂ #vr.6
  solved goal nr. 4 (directly):
    !SharedKey( $A.10, $B.10, kab.10 ) ▶₂ #vr.9
  solved goal nr. 4 (directly):
    !SharedKey( $A.7, $B.7, kab.7 ) ▶₂ #vr.6
  solved goal nr. 4 (directly):
    !SharedKey( $A.10, $B.10, kab.10 ) ▶₂ #vr.9
  solved goal nr. 4 (directly):
    !SharedKey( $A.10, $B.10, kab.10 ) ▶₂ #vr.9
  solved goal nr. 4 (directly):
    !SharedKey( $A.7, $B.7, kab.7 ) ▶₂ #vr.6
  solved goal nr. 4 (directly):
    !SharedKey( $A.10, $B.10, kab.10 ) ▶₂ #vr.9
  solved goal nr. 4 (directly):
    !SharedKey( $A.10, $B.10, kab.10 ) ▶₂ #vr.9
  solved goal nr. 4 (directly):
    !SharedKey( $A.7, $B.7, kab.7 ) ▶₂ #vr.6
  solved goal nr. 4 (directly):
    !SharedKey( $A.10, $B.10, kab.10 ) ▶₂ #vr.9
  solved goal nr. 4 (directly):
    !SharedKey( $A.7, $B.7, kab.7 ) ▶₂ #vr.6
  solved goal nr. 4 (directly):
    !SharedKey( $A.7, $B.7, kab.7 ) ▶₂ #vr.6
  solved goal nr. 4 (directly):
    !SharedKey( $A.10, $B.10, kab.10 ) ▶₂ #vr.9
  solved goal nr. 4 (directly):
    !SharedKey( $A.10, $B.10, kab.10 ) ▶₂ #vr.9
  solved goal nr. 4 (directly):
    !SharedKey( $A.7, $B.7, kab.7 ) ▶₂ #vr.6
  solved goal nr. 4 (directly):
    !SharedKey( $A.7, $B.7, kab.7 ) ▶₂ #vr.6
  solved goal nr. 4 (directly):
    !SharedKey( $A.10, $B.10, kab.10 ) ▶₂ #vr.9
  solved goal nr. 4 (directly):
    !SharedKey( $A.7, $B.7, kab.7 ) ▶₂ #vr.6
  solved goal nr. 4 (directly):
    !SharedKey( $A.7, $B.7, kab.7 ) ▶₂ #vr.6
  solved goal nr. 4 (directly):
    !SharedKey( $A.10, $B.10, kab.10 ) ▶₂ #vr.9
  solved goal nr. 4 (directly):
    !SharedKey( $A.10, $B.10, kab.10 ) ▶₂ #vr.9
  solved goal nr. 4 (directly):
    !SharedKey( $A.10, $B.10, kab.10 ) ▶₂ #vr.9
  solved goal nr. 4 (directly):
    !SharedKey( $A.10, $B.10, t.2 ) ▶₂ #vr.9
  solved goal nr. 4 (directly):
    !SharedKey( $A.10, $B.10, kab.10 ) ▶₂ #vr.9
  solved goal nr. 4 (directly):
    !SharedKey( $A.7, $B.7, kab.7 ) ▶₂ #vr.6
  solved goal nr. 4 (directly):
    !SharedKey( $A.10, $B.10, kab.10 ) ▶₂ #vr.9
  solved goal nr. 4 (directly):
    !SharedKey( $A.7, $B.7, kab.7 ) ▶₂ #vr.6
  solved goal nr. 4 (directly):
    !SharedKey( $A.7, $B.7, kab.7 ) ▶₂ #vr.6
  solved goal nr. 4 (directly):
    !SharedKey( $A.7, $B.7, kab.7 ) ▶₂ #vr.6
  solved goal nr. 4 (directly):
    !SharedKey( $A.7, $B.7, kab.7 ) ▶₂ #vr.6
  solved goal nr. 4 (directly):
    !SharedKey( $A.7, $B.7, kab.7 ) ▶₂ #vr.6
  solved goal nr. 4 (directly):
    !SharedKey( $A.7, $B.7, kab.7 ) ▶₂ #vr.6
  solved goal nr. 4 (directly):
    !SharedKey( $A.7, $B.7, kab.7 ) ▶₂ #vr.6
  solved goal nr. 4 (directly):
    !SharedKey( $A.7, $B.7, kab.7 ) ▶₂ #vr.6
  solved goal nr. 4 (directly):
    !SharedKey( $A.7, $B.7, kab.7 ) ▶₂ #vr.6
  solved goal nr. 4 (directly):
    !SharedKey( $A.7, $B.7, kab.7 ) ▶₂ #vr.6
  solved goal nr. 4 (directly):
    !SharedKey( $A.10, $B.10, kab.10 ) ▶₂ #vr.9
  solved goal nr. 4 (directly):
    !SharedKey( $A.10, $B.10, kab.10 ) ▶₂ #vr.9
  solved goal nr. 4 (directly):
    !SharedKey( $A.10, $B.10, t.2 ) ▶₂ #vr.9
  solved goal nr. 4 (directly):
    !SharedKey( $A.10, $B.10, kab.10 ) ▶₂ #vr.9
  solved goal nr. 4 (directly):
    !SharedKey( $A.10, $B.10, t.2 ) ▶₂ #vr.9
  solved goal nr. 4 (precomputed): !SharedKey( $A, $B, kab ) ▶₂ #j
  solved goal nr. 5 (precomputed): !KU( enc(m, ~k) ) @ #vk
  solved goal nr. 12 (precomputed): !KU( ~ta ) @ #vk.4
  solved goal nr. 8 (precomputed): !KU( ~k.1 ) @ #vk.2
  solved goal nr. 8 (precomputed): !KU( ~k.1 ) @ #vk.2
  solved goal nr. 8 (precomputed): !KU( ~k.1 ) @ #vk.2
  solved goal nr. 8 (precomputed): !KU( ~k.1 ) @ #vk.2
  solved goal nr. 8 (precomputed): !KU( ~k.1 ) @ #vk.2
  solved goal nr. 8 (precomputed): !KU( ~k.1 ) @ #vk.2
  solved goal nr. 8 (precomputed): !KU( ~k.1 ) @ #vk.2
  solved goal nr. 8 (precomputed): !KU( ~k.1 ) @ #vk.2
  solved goal nr. 8 (precomputed): !KU( ~k.1 ) @ #vk.2
  solved goal nr. 8 (precomputed): !KU( ~k.1 ) @ #vk.2
  solved goal nr. 8 (precomputed): !KU( ~k.1 ) @ #vk.2
  solved goal nr. 11 (precomputed): !KU( ~ta ) @ #vk.3
  solved goal nr. 8 (precomputed): !KU( ~k.1 ) @ #vk.2
  solved goal nr. 8 (precomputed): !KU( ~k.1 ) @ #vk.2
  solved goal nr. 8 (precomputed): !KU( ~k.1 ) @ #vk.2
  solved goal nr. 8 (precomputed): !KU( ~k.1 ) @ #vk.2
  solved goal nr. 8 (precomputed): !KU( ~k.1 ) @ #vk.2
  solved goal nr. 10 (precomputed): !KU( ~ta ) @ #vk.2
  solved goal nr. 8 (precomputed): !KU( ~k.1 ) @ #vk.2
  solved goal nr. 9 (precomputed): !KU( ~ta ) @ #vk.1
  solved goal nr. 12 (precomputed): !KU( ~tb ) @ #vk.4
  solved goal nr. 8 (precomputed): !KU( ~k.1 ) @ #vk.2
  solved goal nr. 8 (precomputed): !KU( ~k.1 ) @ #vk.2
  solved goal nr. 8 (precomputed): !KU( ~k.1 ) @ #vk.2
  solved goal nr. 8 (precomputed): !KU( ~k.1 ) @ #vk.2
  solved goal nr. 8 (precomputed): !KU( ~k.1 ) @ #vk.2
  solved goal nr. 8 (precomputed): !KU( ~k.1 ) @ #vk.2
  solved goal nr. 8 (precomputed): !KU( ~k.1 ) @ #vk.2
  solved goal nr. 8 (precomputed): !KU( ~k.1 ) @ #vk.2
  solved goal nr. 8 (precomputed): !KU( ~k.1 ) @ #vk.2
  solved goal nr. 8 (precomputed): !KU( ~k.1 ) @ #vk.2
  solved goal nr. 8 (precomputed): !KU( ~k.1 ) @ #vk.2
  solved goal nr. 8 (precomputed): !KU( ~k.1 ) @ #vk.2
  solved goal nr. 11 (precomputed): !KU( ~tb ) @ #vk.3
  solved goal nr. 8 (precomputed): !KU( ~k.1 ) @ #vk.2
  solved goal nr. 8 (precomputed): !KU( ~k.1 ) @ #vk.2
  solved goal nr. 8 (precomputed): !KU( ~k.1 ) @ #vk.2
  solved goal nr. 8 (precomputed): !KU( ~k.1 ) @ #vk.2
  solved goal nr. 10 (precomputed): !KU( ~tb ) @ #vk.2
  solved goal nr. 8 (precomputed): !KU( ~k.1 ) @ #vk.2
  solved goal nr. 9 (precomputed): !KU( ~tb ) @ #vk.1
  solved goal nr. 9 (precomputed): !KU( ~k ) @ #vk.2
  solved goal nr. 11 (precomputed): !KU( ~k ) @ #vk.2
  solved goal nr. 11 (precomputed): !KU( ~k ) @ #vk.2
  solved goal nr. 17 (precomputed): !KU( ~k ) @ #vk.7
  solved goal nr. 17 (precomputed): !KU( ~k ) @ #vk.7
  solved goal nr. 17 (precomputed): !KU( ~k ) @ #vk.7
  solved goal nr. 17 (precomputed): !KU( ~k ) @ #vk.7
  solved goal nr. 17 (precomputed): !KU( ~k ) @ #vk.7
  solved goal nr. 17 (precomputed): !KU( ~k ) @ #vk.7
  solved goal nr. 17 (precomputed): !KU( ~k ) @ #vk.7
  solved goal nr. 17 (precomputed): !KU( ~k ) @ #vk.7
  solved goal nr. 17 (precomputed): !KU( ~k ) @ #vk.7
  solved goal nr. 17 (precomputed): !KU( ~k ) @ #vk.7
  solved goal nr. 17 (precomputed): !KU( ~k ) @ #vk.7
  solved goal nr. 17 (precomputed): !KU( ~k ) @ #vk.7
  solved goal nr. 17 (precomputed): !KU( ~k ) @ #vk.7
  solved goal nr. 17 (precomputed): !KU( ~k ) @ #vk.7
  solved goal nr. 17 (precomputed): !KU( ~k ) @ #vk.7
  solved goal nr. 17 (precomputed): !KU( ~k ) @ #vk.7
  solved goal nr. 17 (precomputed): !KU( ~k ) @ #vk.7
  solved goal nr. 17 (precomputed): !KU( ~k ) @ #vk.7
  solved goal nr. 15 (precomputed): !KU( ~fab ) @ #vk.6
  solved goal nr. 15 (precomputed): !KU( ~fab ) @ #vk.6
  solved goal nr. 15 (precomputed): !KU( ~fab ) @ #vk.6
  solved goal nr. 15 (precomputed): !KU( ~fab ) @ #vk.6
  solved goal nr. 15 (precomputed): !KU( ~fab ) @ #vk.6
  solved goal nr. 17 (precomputed): !KU( ~k ) @ #vk.7
  solved goal nr. 15 (precomputed): !KU( ~fab ) @ #vk.6
  solved goal nr. 15 (precomputed): !KU( ~fab ) @ #vk.6
  solved goal nr. 15 (precomputed): !KU( ~fab ) @ #vk.6
  solved goal nr. 15 (precomputed): !KU( ~fab ) @ #vk.6
  solved goal nr. 15 (precomputed): !KU( ~fab ) @ #vk.6
  solved goal nr. 15 (precomputed): !KU( ~fab ) @ #vk.6
  solved goal nr. 17 (precomputed): !KU( ~k ) @ #vk.7
  solved goal nr. 17 (precomputed): !KU( ~k ) @ #vk.7
  solved goal nr. 17 (precomputed): !KU( ~k ) @ #vk.7
  solved goal nr. 17 (precomputed): !KU( ~k ) @ #vk.7
  solved goal nr. 17 (precomputed): !KU( ~k ) @ #vk.7
  solved goal nr. 17 (precomputed): !KU( ~k ) @ #vk.7
  solved goal nr. 17 (precomputed): !KU( ~k ) @ #vk.7
  solved goal nr. 17 (precomputed): !KU( ~k ) @ #vk.7
  solved goal nr. 17 (precomputed): !KU( ~k ) @ #vk.7
  solved goal nr. 17 (precomputed): !KU( ~k ) @ #vk.7
  solved goal nr. 15 (precomputed): !KU( ~k ) @ #vk.5
  solved goal nr. 15 (precomputed): !KU( ~k ) @ #vk.5
  solved goal nr. 15 (precomputed): !KU( ~k ) @ #vk.5
  solved goal nr. 15 (precomputed): !KU( ~k ) @ #vk.5
  solved goal nr. 15 (precomputed): !KU( ~k ) @ #vk.5
  solved goal nr. 15 (precomputed): !KU( ~k ) @ #vk.5
  solved goal nr. 15 (precomputed): !KU( ~k ) @ #vk.5
  solved goal nr. 15 (precomputed): !KU( ~k ) @ #vk.5
  solved goal nr. 15 (precomputed): !KU( ~k ) @ #vk.5
  solved goal nr. 15 (precomputed): !KU( ~k ) @ #vk.5
  solved goal nr. 15 (precomputed): !KU( ~k ) @ #vk.5
  solved goal nr. 15 (precomputed): !KU( ~k ) @ #vk.5
  solved goal nr. 15 (precomputed): !KU( ~k ) @ #vk.5
  solved goal nr. 15 (precomputed): !KU( ~k ) @ #vk.5
  solved goal nr. 15 (precomputed): !KU( ~k ) @ #vk.5
  solved goal nr. 15 (precomputed): !KU( ~k ) @ #vk.5
  solved goal nr. 15 (precomputed): !KU( ~k ) @ #vk.5
  solved goal nr. 15 (precomputed): !KU( ~k ) @ #vk.5
  solved goal nr. 15 (precomputed): !KU( ~k ) @ #vk.5
  solved goal nr. 15 (precomputed): !KU( ~k ) @ #vk.5
  solved goal nr. 15 (precomputed): !KU( ~k ) @ #vk.5
  solved goal nr. 15 (precomputed): !KU( ~k ) @ #vk.5
  solved goal nr. 15 (precomputed): !KU( ~k ) @ #vk.5
  solved goal nr. 15 (precomputed): !KU( ~k ) @ #vk.5
  solved goal nr. 15 (precomputed): !KU( ~k ) @ #vk.5
  solved goal nr. 15 (precomputed): !KU( ~k ) @ #vk.5
  solved goal nr. 15 (precomputed): !KU( ~k ) @ #vk.5
  solved goal nr. 15 (precomputed): !KU( ~k ) @ #vk.5
  solved goal nr. 15 (precomputed): !KU( ~k ) @ #vk.5
  solved goal nr. 13 (precomputed): !KU( ~k ) @ #vk.3
  solved goal nr. 13 (precomputed): !KU( ~k ) @ #vk.3
  solved goal nr. 13 (precomputed): !KU( ~k ) @ #vk.3
  solved goal nr. 13 (precomputed): !KU( ~k ) @ #vk.3
  solved goal nr. 13 (precomputed): !KU( ~k ) @ #vk.3
  solved goal nr. 13 (precomputed): !KU( ~k ) @ #vk.3
  solved goal nr. 13 (precomputed): !KU( ~k ) @ #vk.3
  solved goal nr. 13 (precomputed): !KU( ~k ) @ #vk.3
  solved goal nr. 13 (precomputed): !KU( ~k ) @ #vk.3
  solved goal nr. 13 (precomputed): !KU( ~k ) @ #vk.3
  solved goal nr. 13 (precomputed): !KU( ~k ) @ #vk.3
  solved goal nr. 13 (precomputed): !KU( ~k ) @ #vk.3
  solved goal nr. 13 (precomputed): !KU( ~k ) @ #vk.3
  solved goal nr. 13 (precomputed): !KU( ~k ) @ #vk.3
  solved goal nr. 13 (precomputed): !KU( ~k ) @ #vk.3
  solved goal nr. 13 (precomputed): !KU( ~k ) @ #vk.3
  solved goal nr. 13 (precomputed): !KU( ~k ) @ #vk.3
  solved goal nr. 13 (precomputed): !KU( ~k ) @ #vk.3
  solved goal nr. 13 (precomputed): !KU( ~k ) @ #vk.3
  solved goal nr. 13 (precomputed): !KU( ~k ) @ #vk.3
  solved goal nr. 13 (precomputed): !KU( ~k ) @ #vk.3
  solved goal nr. 13 (precomputed): !KU( ~k ) @ #vk.3
  solved goal nr. 13 (precomputed): !KU( ~k ) @ #vk.3
  solved goal nr. 13 (precomputed): !KU( ~k ) @ #vk.3
  solved goal nr. 13 (precomputed): !KU( ~k ) @ #vk.3
  solved goal nr. 13 (precomputed): !KU( ~k ) @ #vk.3
  solved goal nr. 13 (precomputed): !KU( ~k ) @ #vk.3
  solved goal nr. 13 (precomputed): !KU( ~k ) @ #vk.3
  solved goal nr. 13 (precomputed): !KU( ~k ) @ #vk.3
  solved goal nr. 11 (precomputed): !KU( ~k ) @ #vk.2
  solved goal nr. 11 (precomputed): !KU( ~k ) @ #vk.2
  solved goal nr. 11 (precomputed): !KU( ~k ) @ #vk.2
  solved goal nr. 11 (precomputed): !KU( ~k ) @ #vk.2
  solved goal nr. 11 (precomputed): !KU( ~k ) @ #vk.2
  solved goal nr. 11 (precomputed): !KU( ~k ) @ #vk.2
  solved goal nr. 11 (precomputed): !KU( ~k ) @ #vk.2
  solved goal nr. 11 (precomputed): !KU( ~k ) @ #vk.2
  solved goal nr. 11 (precomputed): !KU( ~k ) @ #vk.2
  solved goal nr. 11 (precomputed): !KU( ~k ) @ #vk.2
  solved goal nr. 11 (precomputed): !KU( ~k ) @ #vk.2
  solved goal nr. 11 (precomputed): !KU( ~k ) @ #vk.2
  solved goal nr. 11 (precomputed): !KU( ~k ) @ #vk.2
  solved goal nr. 11 (precomputed): !KU( ~k ) @ #vk.2
  solved goal nr. 11 (precomputed): !KU( ~k ) @ #vk.2
  solved goal nr. 11 (precomputed): !KU( ~k ) @ #vk.2
  solved goal nr. 11 (precomputed): !KU( ~k ) @ #vk.2
  solved goal nr. 11 (precomputed): !KU( ~k ) @ #vk.2
  solved goal nr. 11 (precomputed): !KU( ~k ) @ #vk.2
  solved goal nr. 11 (precomputed): !KU( ~k ) @ #vk.2
  solved goal nr. 11 (precomputed): !KU( ~k ) @ #vk.2
  solved goal nr. 11 (precomputed): !KU( ~k ) @ #vk.2
  solved goal nr. 11 (precomputed): !KU( ~k ) @ #vk.2
  solved goal nr. 11 (precomputed): !KU( ~k ) @ #vk.2
  solved goal nr. 11 (precomputed): !KU( ~k ) @ #vk.2
  solved goal nr. 11 (precomputed): !KU( ~k ) @ #vk.2
  solved goal nr. 11 (precomputed): !KU( ~k ) @ #vk.2
  solved goal nr. 11 (precomputed): !KU( ~k ) @ #vk.2
  solved goal nr. 11 (precomputed): !KU( ~k ) @ #vk.2
  solved goal nr. 17 (precomputed): !KU( ~k ) @ #vk.7
  solved goal nr. 17 (precomputed): !KU( ~k ) @ #vk.7
  solved goal nr. 17 (precomputed): !KU( ~k ) @ #vk.7
  solved goal nr. 17 (precomputed): !KU( ~k ) @ #vk.7
  solved goal nr. 17 (precomputed): !KU( ~k ) @ #vk.7
  solved goal nr. 17 (precomputed): !KU( ~k ) @ #vk.7
  solved goal nr. 17 (precomputed): !KU( ~k ) @ #vk.7
  solved goal nr. 17 (precomputed): !KU( ~k ) @ #vk.7
  solved goal nr. 17 (precomputed): !KU( ~k ) @ #vk.7
  solved goal nr. 17 (precomputed): !KU( ~k ) @ #vk.7
  solved goal nr. 17 (precomputed): !KU( ~k ) @ #vk.7
  solved goal nr. 17 (precomputed): !KU( ~k ) @ #vk.7
  solved goal nr. 17 (precomputed): !KU( ~k ) @ #vk.7
  solved goal nr. 17 (precomputed): !KU( ~k ) @ #vk.7
  solved goal nr. 17 (precomputed): !KU( ~k ) @ #vk.7
  solved goal nr. 17 (precomputed): !KU( ~k ) @ #vk.7
  solved goal nr. 17 (precomputed): !KU( ~k ) @ #vk.7
  solved goal nr. 17 (precomputed): !KU( ~k ) @ #vk.7
  solved goal nr. 15 (precomputed): !KU( ~fba ) @ #vk.6
  solved goal nr. 15 (precomputed): !KU( ~fba ) @ #vk.6
  solved goal nr. 15 (precomputed): !KU( ~fba ) @ #vk.6
  solved goal nr. 15 (precomputed): !KU( ~fba ) @ #vk.6
  solved goal nr. 17 (precomputed): !KU( ~k ) @ #vk.7
  solved goal nr. 15 (precomputed): !KU( ~fba ) @ #vk.6
  solved goal nr. 15 (precomputed): !KU( ~fba ) @ #vk.6
  solved goal nr. 15 (precomputed): !KU( ~fba ) @ #vk.6
  solved goal nr. 17 (precomputed): !KU( ~k ) @ #vk.7
  solved goal nr. 15 (precomputed): !KU( ~fba ) @ #vk.6
  solved goal nr. 15 (precomputed): !KU( ~fba ) @ #vk.6
  solved goal nr. 15 (precomputed): !KU( ~fba ) @ #vk.6
  solved goal nr. 17 (precomputed): !KU( ~k ) @ #vk.7
  solved goal nr. 15 (precomputed): !KU( ~fba ) @ #vk.6
  solved goal nr. 17 (precomputed): !KU( ~k ) @ #vk.7
  solved goal nr. 17 (precomputed): !KU( ~k ) @ #vk.7
  solved goal nr. 17 (precomputed): !KU( ~k ) @ #vk.7
  solved goal nr. 17 (precomputed): !KU( ~k ) @ #vk.7
  solved goal nr. 17 (precomputed): !KU( ~k ) @ #vk.7
  solved goal nr. 17 (precomputed): !KU( ~k ) @ #vk.7
  solved goal nr. 17 (precomputed): !KU( ~k ) @ #vk.7
  solved goal nr. 17 (precomputed): !KU( ~k ) @ #vk.7
  solved goal nr. 15 (precomputed): !KU( ~k ) @ #vk.5
  solved goal nr. 15 (precomputed): !KU( ~k ) @ #vk.5
  solved goal nr. 15 (precomputed): !KU( ~k ) @ #vk.5
  solved goal nr. 15 (precomputed): !KU( ~k ) @ #vk.5
  solved goal nr. 15 (precomputed): !KU( ~k ) @ #vk.5
  solved goal nr. 15 (precomputed): !KU( ~k ) @ #vk.5
  solved goal nr. 15 (precomputed): !KU( ~k ) @ #vk.5
  solved goal nr. 15 (precomputed): !KU( ~k ) @ #vk.5
  solved goal nr. 15 (precomputed): !KU( ~k ) @ #vk.5
  solved goal nr. 15 (precomputed): !KU( ~k ) @ #vk.5
  solved goal nr. 15 (precomputed): !KU( ~k ) @ #vk.5
  solved goal nr. 15 (precomputed): !KU( ~k ) @ #vk.5
  solved goal nr. 15 (precomputed): !KU( ~k ) @ #vk.5
  solved goal nr. 15 (precomputed): !KU( ~k ) @ #vk.5
  solved goal nr. 15 (precomputed): !KU( ~k ) @ #vk.5
  solved goal nr. 15 (precomputed): !KU( ~k ) @ #vk.5
  solved goal nr. 15 (precomputed): !KU( ~k ) @ #vk.5
  solved goal nr. 15 (precomputed): !KU( ~k ) @ #vk.5
  solved goal nr. 15 (precomputed): !KU( ~k ) @ #vk.5
  solved goal nr. 15 (precomputed): !KU( ~k ) @ #vk.5
  solved goal nr. 15 (precomputed): !KU( ~k ) @ #vk.5
  solved goal nr. 15 (precomputed): !KU( ~k ) @ #vk.5
  solved goal nr. 15 (precomputed): !KU( ~k ) @ #vk.5
  solved goal nr. 15 (precomputed): !KU( ~k ) @ #vk.5
  solved goal nr. 15 (precomputed): !KU( ~k ) @ #vk.5
  solved goal nr. 15 (precomputed): !KU( ~k ) @ #vk.5
  solved goal nr. 15 (precomputed): !KU( ~k ) @ #vk.5
  solved goal nr. 15 (precomputed): !KU( ~k ) @ #vk.5
  solved goal nr. 15 (precomputed): !KU( ~k ) @ #vk.5
  solved goal nr. 13 (precomputed): !KU( ~k ) @ #vk.3
  solved goal nr. 13 (precomputed): !KU( ~k ) @ #vk.3
  solved goal nr. 13 (precomputed): !KU( ~k ) @ #vk.3
  solved goal nr. 13 (precomputed): !KU( ~k ) @ #vk.3
  solved goal nr. 13 (precomputed): !KU( ~k ) @ #vk.3
  solved goal nr. 13 (precomputed): !KU( ~k ) @ #vk.3
  solved goal nr. 13 (precomputed): !KU( ~k ) @ #vk.3
  solved goal nr. 13 (precomputed): !KU( ~k ) @ #vk.3
  solved goal nr. 13 (precomputed): !KU( ~k ) @ #vk.3
  solved goal nr. 13 (precomputed): !KU( ~k ) @ #vk.3
  solved goal nr. 13 (precomputed): !KU( ~k ) @ #vk.3
  solved goal nr. 13 (precomputed): !KU( ~k ) @ #vk.3
  solved goal nr. 13 (precomputed): !KU( ~k ) @ #vk.3
  solved goal nr. 13 (precomputed): !KU( ~k ) @ #vk.3
  solved goal nr. 13 (precomputed): !KU( ~k ) @ #vk.3
  solved goal nr. 13 (precomputed): !KU( ~k ) @ #vk.3
  solved goal nr. 13 (precomputed): !KU( ~k ) @ #vk.3
  solved goal nr. 13 (precomputed): !KU( ~k ) @ #vk.3
  solved goal nr. 13 (precomputed): !KU( ~k ) @ #vk.3
  solved goal nr. 13 (precomputed): !KU( ~k ) @ #vk.3
  solved goal nr. 13 (precomputed): !KU( ~k ) @ #vk.3
  solved goal nr. 13 (precomputed): !KU( ~k ) @ #vk.3
  solved goal nr. 13 (precomputed): !KU( ~k ) @ #vk.3
  solved goal nr. 13 (precomputed): !KU( ~k ) @ #vk.3
  solved goal nr. 13 (precomputed): !KU( ~k ) @ #vk.3
  solved goal nr. 13 (precomputed): !KU( ~k ) @ #vk.3
  solved goal nr. 13 (precomputed): !KU( ~k ) @ #vk.3
  solved goal nr. 13 (precomputed): !KU( ~k ) @ #vk.3
  solved goal nr. 13 (precomputed): !KU( ~k ) @ #vk.3
  solved goal nr. 11 (precomputed): !KU( ~k ) @ #vk.2
  solved goal nr. 11 (precomputed): !KU( ~k ) @ #vk.2
  solved goal nr. 11 (precomputed): !KU( ~k ) @ #vk.2
  solved goal nr. 11 (precomputed): !KU( ~k ) @ #vk.2
  solved goal nr. 11 (precomputed): !KU( ~k ) @ #vk.2
  solved goal nr. 11 (precomputed): !KU( ~k ) @ #vk.2
  solved goal nr. 11 (precomputed): !KU( ~k ) @ #vk.2
  solved goal nr. 11 (precomputed): !KU( ~k ) @ #vk.2
  solved goal nr. 11 (precomputed): !KU( ~k ) @ #vk.2
  solved goal nr. 11 (precomputed): !KU( ~k ) @ #vk.2
  solved goal nr. 11 (precomputed): !KU( ~k ) @ #vk.2
  solved goal nr. 11 (precomputed): !KU( ~k ) @ #vk.2
  solved goal nr. 11 (precomputed): !KU( ~k ) @ #vk.2
  solved goal nr. 11 (precomputed): !KU( ~k ) @ #vk.2
  solved goal nr. 11 (precomputed): !KU( ~k ) @ #vk.2
  solved goal nr. 11 (precomputed): !KU( ~k ) @ #vk.2
  solved goal nr. 11 (precomputed): !KU( ~k ) @ #vk.2
  solved goal nr. 11 (precomputed): !KU( ~k ) @ #vk.2
  solved goal nr. 11 (precomputed): !KU( ~k ) @ #vk.2
  solved goal nr. 11 (precomputed): !KU( ~k ) @ #vk.2
  solved goal nr. 11 (precomputed): !KU( ~k ) @ #vk.2
  solved goal nr. 11 (precomputed): !KU( ~k ) @ #vk.2
  solved goal nr. 11 (precomputed): !KU( ~k ) @ #vk.2
  solved goal nr. 11 (precomputed): !KU( ~k ) @ #vk.2
  solved goal nr. 11 (precomputed): !KU( ~k ) @ #vk.2
  solved goal nr. 11 (precomputed): !KU( ~k ) @ #vk.2
  solved goal nr. 11 (precomputed): !KU( ~k ) @ #vk.2
OK.

theory ISO11770_2_5 begin

// Function signature and definition of the equational theory E

functions: dec/2, enc/2, fst/1, pair/2, prefix/1, snd/1
equations:
    dec(enc(M, k), k) = M,
    fst(<x.1, x.2>) = x.1,
    prefix(enc(<X, Y>, k)) = enc(X, k),
    snd(<x.1, x.2>) = x.2



rule (modulo E) setup:
   [ Fr( ~k ) ] --[ KeyGen( $A, $B ) ]-> [ !SharedKey( $A, $B, ~k ) ]

  /* has exactly the trivial AC variant */

rule (modulo E) AB1:
   [ Fr( ~fab ), Fr( ~ta ), !SharedKey( $A, $B, kab ) ]
  -->
   [ Out( enc(<<<~ta, ~ta>, $B>, ~fab>, kab) ) ]

  /* has exactly the trivial AC variant */

rule (modulo E) BA2:
   [ Fr( ~fba ), Fr( ~tb ), !SharedKey( $A, $B, kab ) ]
  -->
   [ Out( enc(<<<~tb, ~tb>, $A>, ~fba>, kab) ) ]

  /* has exactly the trivial AC variant */

rule (modulo E) Attack_test1:
   [ In( c ), In( m ), !SharedKey( $A, $B, kab ) ]
  --[ Eq( c, enc(m, kab) ), Attack_suc( ) ]->
   [ ]

  /* has exactly the trivial AC variant */

restriction Verif:
  "∀ x y #i. (Eq( x, y ) @ #i) ⇒ (x = y)"
  // safety formula

lemma Test:
  exists-trace "∃ #j. Attack_suc( ) @ #j"
/*
guarded formula characterizing all satisfying traces:
"∃ #j. (Attack_suc( ) @ #j)"
*/
simplify
solve( !SharedKey( $A, $B, kab ) ▶₂ #j )
  case setup
  solve( !KU( enc(m, ~k) ) @ #vk )
    case AB1_case_01
    solve( !KU( ~ta ) @ #vk.4 )
      case AB1_case_01
      by solve( !KU( ~k ) @ #vk.7 )
    next
      case AB1_case_02
      by solve( !KU( ~k ) @ #vk.7 )
    next
      case AB1_case_03
      by solve( !KU( ~k ) @ #vk.7 )
    next
      case AB1_case_04
      by solve( !KU( ~k ) @ #vk.7 )
    next
      case AB1_case_05
      by solve( !KU( ~k ) @ #vk.7 )
    next
      case AB1_case_06
      by solve( !KU( ~k ) @ #vk.7 )
    next
      case AB1_case_07
      by solve( !KU( ~k ) @ #vk.7 )
    next
      case AB1_case_08
      by solve( !KU( ~k ) @ #vk.7 )
    next
      case AB1_case_09
      by solve( !KU( ~k ) @ #vk.7 )
    next
      case AB1_case_10
      by solve( !KU( ~k ) @ #vk.7 )
    next
      case AB1_case_11
      by solve( !KU( ~k ) @ #vk.7 )
    next
      case AB1_case_12
      by solve( !KU( ~k ) @ #vk.7 )
    next
      case AB1_case_13
      by solve( !KU( ~k ) @ #vk.7 )
    next
      case AB1_case_14
      by solve( !KU( ~k ) @ #vk.7 )
    next
      case AB1_case_15
      by solve( !KU( ~k ) @ #vk.7 )
    next
      case AB1_case_16
      by solve( !KU( ~k ) @ #vk.7 )
    next
      case AB1_case_17
      by solve( !KU( ~k ) @ #vk.7 )
    next
      case AB1_case_18
      by solve( !KU( ~k ) @ #vk.7 )
    next
      case AB1_case_19
      solve( !KU( ~fab ) @ #vk.6 )
        case AB1
        by solve( !KU( ~k ) @ #vk.7 )
      qed
    next
      case AB1_case_20
      solve( !KU( ~fab ) @ #vk.6 )
        case AB1
        by solve( !KU( ~k ) @ #vk.7 )
      qed
    next
      case AB1_case_21
      solve( !KU( ~fab ) @ #vk.6 )
        case AB1
        by solve( !KU( ~k ) @ #vk.7 )
      qed
    next
      case AB1_case_22
      solve( !KU( ~fab ) @ #vk.6 )
        case AB1
        by solve( !KU( ~k ) @ #vk.7 )
      qed
    next
      case AB1_case_23
      solve( !KU( ~fab ) @ #vk.6 )
        case AB1
        by solve( !KU( ~k ) @ #vk.7 )
      qed
    next
      case AB1_case_24
      solve( !KU( ~fab ) @ #vk.6 )
        case AB1
        by solve( !KU( ~k ) @ #vk.7 )
      qed
    next
      case AB1_case_25
      solve( !KU( ~fab ) @ #vk.6 )
        case AB1
        by solve( !KU( ~k ) @ #vk.7 )
      qed
    next
      case AB1_case_26
      solve( !KU( ~fab ) @ #vk.6 )
        case AB1
        by solve( !KU( ~k ) @ #vk.7 )
      qed
    next
      case AB1_case_27
      solve( !KU( ~fab ) @ #vk.6 )
        case AB1
        by solve( !KU( ~k ) @ #vk.7 )
      qed
    next
      case AB1_case_28
      solve( !KU( ~fab ) @ #vk.6 )
        case AB1
        by solve( !KU( ~k ) @ #vk.7 )
      qed
    next
      case AB1_case_29
      solve( !KU( ~fab ) @ #vk.6 )
        case AB1
        by solve( !KU( ~k ) @ #vk.7 )
      qed
    qed
  next
    case AB1_case_02
    by solve( !KU( ~k.1 ) @ #vk.2 )
  next
    case AB1_case_03
    by solve( !KU( ~k.1 ) @ #vk.2 )
  next
    case AB1_case_04
    by solve( !KU( ~k.1 ) @ #vk.2 )
  next
    case AB1_case_05
    by solve( !KU( ~k.1 ) @ #vk.2 )
  next
    case AB1_case_06
    by solve( !KU( ~k.1 ) @ #vk.2 )
  next
    case AB1_case_07
    by solve( !KU( ~k.1 ) @ #vk.2 )
  next
    case AB1_case_08
    by solve( !KU( ~k.1 ) @ #vk.2 )
  next
    case AB1_case_09
    by solve( !KU( ~k.1 ) @ #vk.2 )
  next
    case AB1_case_10
    by solve( !KU( ~k.1 ) @ #vk.2 )
  next
    case AB1_case_11
    by solve( !KU( ~k.1 ) @ #vk.2 )
  next
    case AB1_case_12
    by solve( !KU( ~k.1 ) @ #vk.2 )
  next
    case AB1_case_13
    by solve( !KU( ~k.1 ) @ #vk.2 )
  next
    case AB1_case_14
    solve( !KU( ~ta ) @ #vk.3 )
      case AB1_case_01
      by solve( !KU( ~k ) @ #vk.5 )
    next
      case AB1_case_02
      by solve( !KU( ~k ) @ #vk.5 )
    next
      case AB1_case_03
      by solve( !KU( ~k ) @ #vk.5 )
    next
      case AB1_case_04
      by solve( !KU( ~k ) @ #vk.5 )
    next
      case AB1_case_05
      by solve( !KU( ~k ) @ #vk.5 )
    next
      case AB1_case_06
      by solve( !KU( ~k ) @ #vk.5 )
    next
      case AB1_case_07
      by solve( !KU( ~k ) @ #vk.5 )
    next
      case AB1_case_08
      by solve( !KU( ~k ) @ #vk.5 )
    next
      case AB1_case_09
      by solve( !KU( ~k ) @ #vk.5 )
    next
      case AB1_case_10
      by solve( !KU( ~k ) @ #vk.5 )
    next
      case AB1_case_11
      by solve( !KU( ~k ) @ #vk.5 )
    next
      case AB1_case_12
      by solve( !KU( ~k ) @ #vk.5 )
    next
      case AB1_case_13
      by solve( !KU( ~k ) @ #vk.5 )
    next
      case AB1_case_14
      by solve( !KU( ~k ) @ #vk.5 )
    next
      case AB1_case_15
      by solve( !KU( ~k ) @ #vk.5 )
    next
      case AB1_case_16
      by solve( !KU( ~k ) @ #vk.5 )
    next
      case AB1_case_17
      by solve( !KU( ~k ) @ #vk.5 )
    next
      case AB1_case_18
      by solve( !KU( ~k ) @ #vk.5 )
    next
      case AB1_case_19
      by solve( !KU( ~k ) @ #vk.5 )
    next
      case AB1_case_20
      by solve( !KU( ~k ) @ #vk.5 )
    next
      case AB1_case_21
      by solve( !KU( ~k ) @ #vk.5 )
    next
      case AB1_case_22
      by solve( !KU( ~k ) @ #vk.5 )
    next
      case AB1_case_23
      by solve( !KU( ~k ) @ #vk.5 )
    next
      case AB1_case_24
      by solve( !KU( ~k ) @ #vk.5 )
    next
      case AB1_case_25
      by solve( !KU( ~k ) @ #vk.5 )
    next
      case AB1_case_26
      by solve( !KU( ~k ) @ #vk.5 )
    next
      case AB1_case_27
      by solve( !KU( ~k ) @ #vk.5 )
    next
      case AB1_case_28
      by solve( !KU( ~k ) @ #vk.5 )
    next
      case AB1_case_29
      by solve( !KU( ~k ) @ #vk.5 )
    qed
  next
    case AB1_case_15
    by solve( !KU( ~k.1 ) @ #vk.2 )
  next
    case AB1_case_16
    by solve( !KU( ~k.1 ) @ #vk.2 )
  next
    case AB1_case_17
    by solve( !KU( ~k.1 ) @ #vk.2 )
  next
    case AB1_case_18
    by solve( !KU( ~k.1 ) @ #vk.2 )
  next
    case AB1_case_19
    solve( !KU( ~ta ) @ #vk.2 )
      case AB1_case_01
      by solve( !KU( ~k ) @ #vk.3 )
    next
      case AB1_case_02
      by solve( !KU( ~k ) @ #vk.3 )
    next
      case AB1_case_03
      by solve( !KU( ~k ) @ #vk.3 )
    next
      case AB1_case_04
      by solve( !KU( ~k ) @ #vk.3 )
    next
      case AB1_case_05
      by solve( !KU( ~k ) @ #vk.3 )
    next
      case AB1_case_06
      by solve( !KU( ~k ) @ #vk.3 )
    next
      case AB1_case_07
      by solve( !KU( ~k ) @ #vk.3 )
    next
      case AB1_case_08
      by solve( !KU( ~k ) @ #vk.3 )
    next
      case AB1_case_09
      by solve( !KU( ~k ) @ #vk.3 )
    next
      case AB1_case_10
      by solve( !KU( ~k ) @ #vk.3 )
    next
      case AB1_case_11
      by solve( !KU( ~k ) @ #vk.3 )
    next
      case AB1_case_12
      by solve( !KU( ~k ) @ #vk.3 )
    next
      case AB1_case_13
      by solve( !KU( ~k ) @ #vk.3 )
    next
      case AB1_case_14
      by solve( !KU( ~k ) @ #vk.3 )
    next
      case AB1_case_15
      by solve( !KU( ~k ) @ #vk.3 )
    next
      case AB1_case_16
      by solve( !KU( ~k ) @ #vk.3 )
    next
      case AB1_case_17
      by solve( !KU( ~k ) @ #vk.3 )
    next
      case AB1_case_18
      by solve( !KU( ~k ) @ #vk.3 )
    next
      case AB1_case_19
      by solve( !KU( ~k ) @ #vk.3 )
    next
      case AB1_case_20
      by solve( !KU( ~k ) @ #vk.3 )
    next
      case AB1_case_21
      by solve( !KU( ~k ) @ #vk.3 )
    next
      case AB1_case_22
      by solve( !KU( ~k ) @ #vk.3 )
    next
      case AB1_case_23
      by solve( !KU( ~k ) @ #vk.3 )
    next
      case AB1_case_24
      by solve( !KU( ~k ) @ #vk.3 )
    next
      case AB1_case_25
      by solve( !KU( ~k ) @ #vk.3 )
    next
      case AB1_case_26
      by solve( !KU( ~k ) @ #vk.3 )
    next
      case AB1_case_27
      by solve( !KU( ~k ) @ #vk.3 )
    next
      case AB1_case_28
      by solve( !KU( ~k ) @ #vk.3 )
    next
      case AB1_case_29
      by solve( !KU( ~k ) @ #vk.3 )
    qed
  next
    case AB1_case_20
    by solve( !KU( ~k.1 ) @ #vk.2 )
  next
    case AB1_case_21
    solve( !KU( ~ta ) @ #vk.1 )
      case AB1_case_01
      by solve( !KU( ~k ) @ #vk.2 )
    next
      case AB1_case_02
      by solve( !KU( ~k ) @ #vk.2 )
    next
      case AB1_case_03
      by solve( !KU( ~k ) @ #vk.2 )
    next
      case AB1_case_04
      by solve( !KU( ~k ) @ #vk.2 )
    next
      case AB1_case_05
      by solve( !KU( ~k ) @ #vk.2 )
    next
      case AB1_case_06
      by solve( !KU( ~k ) @ #vk.2 )
    next
      case AB1_case_07
      by solve( !KU( ~k ) @ #vk.2 )
    next
      case AB1_case_08
      by solve( !KU( ~k ) @ #vk.2 )
    next
      case AB1_case_09
      by solve( !KU( ~k ) @ #vk.2 )
    next
      case AB1_case_10
      by solve( !KU( ~k ) @ #vk.2 )
    next
      case AB1_case_11
      by solve( !KU( ~k ) @ #vk.2 )
    next
      case AB1_case_12
      by solve( !KU( ~k ) @ #vk.2 )
    next
      case AB1_case_13
      by solve( !KU( ~k ) @ #vk.2 )
    next
      case AB1_case_14
      by solve( !KU( ~k ) @ #vk.2 )
    next
      case AB1_case_15
      by solve( !KU( ~k ) @ #vk.2 )
    next
      case AB1_case_16
      by solve( !KU( ~k ) @ #vk.2 )
    next
      case AB1_case_17
      by solve( !KU( ~k ) @ #vk.2 )
    next
      case AB1_case_18
      by solve( !KU( ~k ) @ #vk.2 )
    next
      case AB1_case_19
      by solve( !KU( ~k ) @ #vk.2 )
    next
      case AB1_case_20
      by solve( !KU( ~k ) @ #vk.2 )
    next
      case AB1_case_21
      by solve( !KU( ~k ) @ #vk.2 )
    next
      case AB1_case_22
      by solve( !KU( ~k ) @ #vk.2 )
    next
      case AB1_case_23
      by solve( !KU( ~k ) @ #vk.2 )
    next
      case AB1_case_24
      by solve( !KU( ~k ) @ #vk.2 )
    next
      case AB1_case_25
      by solve( !KU( ~k ) @ #vk.2 )
    next
      case AB1_case_26
      by solve( !KU( ~k ) @ #vk.2 )
    next
      case AB1_case_27
      by solve( !KU( ~k ) @ #vk.2 )
    next
      case AB1_case_28
      by solve( !KU( ~k ) @ #vk.2 )
    next
      case AB1_case_29
      by solve( !KU( ~k ) @ #vk.2 )
    qed
  next
    case BA2_case_01
    solve( !KU( ~tb ) @ #vk.4 )
      case BA2_case_01
      by solve( !KU( ~k ) @ #vk.7 )
    next
      case BA2_case_02
      by solve( !KU( ~k ) @ #vk.7 )
    next
      case BA2_case_03
      by solve( !KU( ~k ) @ #vk.7 )
    next
      case BA2_case_04
      by solve( !KU( ~k ) @ #vk.7 )
    next
      case BA2_case_05
      by solve( !KU( ~k ) @ #vk.7 )
    next
      case BA2_case_06
      by solve( !KU( ~k ) @ #vk.7 )
    next
      case BA2_case_07
      by solve( !KU( ~k ) @ #vk.7 )
    next
      case BA2_case_08
      by solve( !KU( ~k ) @ #vk.7 )
    next
      case BA2_case_09
      by solve( !KU( ~k ) @ #vk.7 )
    next
      case BA2_case_10
      by solve( !KU( ~k ) @ #vk.7 )
    next
      case BA2_case_11
      by solve( !KU( ~k ) @ #vk.7 )
    next
      case BA2_case_12
      by solve( !KU( ~k ) @ #vk.7 )
    next
      case BA2_case_13
      by solve( !KU( ~k ) @ #vk.7 )
    next
      case BA2_case_14
      by solve( !KU( ~k ) @ #vk.7 )
    next
      case BA2_case_15
      by solve( !KU( ~k ) @ #vk.7 )
    next
      case BA2_case_16
      by solve( !KU( ~k ) @ #vk.7 )
    next
      case BA2_case_17
      by solve( !KU( ~k ) @ #vk.7 )
    next
      case BA2_case_18
      by solve( !KU( ~k ) @ #vk.7 )
    next
      case BA2_case_19
      solve( !KU( ~fba ) @ #vk.6 )
        case BA2
        by solve( !KU( ~k ) @ #vk.7 )
      qed
    next
      case BA2_case_20
      solve( !KU( ~fba ) @ #vk.6 )
        case BA2
        by solve( !KU( ~k ) @ #vk.7 )
      qed
    next
      case BA2_case_21
      solve( !KU( ~fba ) @ #vk.6 )
        case BA2
        by solve( !KU( ~k ) @ #vk.7 )
      qed
    next
      case BA2_case_22
      solve( !KU( ~fba ) @ #vk.6 )
        case BA2
        by solve( !KU( ~k ) @ #vk.7 )
      qed
    next
      case BA2_case_23
      solve( !KU( ~fba ) @ #vk.6 )
        case BA2
        by solve( !KU( ~k ) @ #vk.7 )
      qed
    next
      case BA2_case_24
      solve( !KU( ~fba ) @ #vk.6 )
        case BA2
        by solve( !KU( ~k ) @ #vk.7 )
      qed
    next
      case BA2_case_25
      solve( !KU( ~fba ) @ #vk.6 )
        case BA2
        by solve( !KU( ~k ) @ #vk.7 )
      qed
    next
      case BA2_case_26
      solve( !KU( ~fba ) @ #vk.6 )
        case BA2
        by solve( !KU( ~k ) @ #vk.7 )
      qed
    next
      case BA2_case_27
      solve( !KU( ~fba ) @ #vk.6 )
        case BA2
        by solve( !KU( ~k ) @ #vk.7 )
      qed
    next
      case BA2_case_28
      solve( !KU( ~fba ) @ #vk.6 )
        case BA2
        by solve( !KU( ~k ) @ #vk.7 )
      qed
    next
      case BA2_case_29
      solve( !KU( ~fba ) @ #vk.6 )
        case BA2
        by solve( !KU( ~k ) @ #vk.7 )
      qed
    qed
  next
    case BA2_case_02
    by solve( !KU( ~k.1 ) @ #vk.2 )
  next
    case BA2_case_03
    by solve( !KU( ~k.1 ) @ #vk.2 )
  next
    case BA2_case_04
    by solve( !KU( ~k.1 ) @ #vk.2 )
  next
    case BA2_case_05
    by solve( !KU( ~k.1 ) @ #vk.2 )
  next
    case BA2_case_06
    by solve( !KU( ~k.1 ) @ #vk.2 )
  next
    case BA2_case_07
    by solve( !KU( ~k.1 ) @ #vk.2 )
  next
    case BA2_case_08
    by solve( !KU( ~k.1 ) @ #vk.2 )
  next
    case BA2_case_09
    by solve( !KU( ~k.1 ) @ #vk.2 )
  next
    case BA2_case_10
    by solve( !KU( ~k.1 ) @ #vk.2 )
  next
    case BA2_case_11
    by solve( !KU( ~k.1 ) @ #vk.2 )
  next
    case BA2_case_12
    by solve( !KU( ~k.1 ) @ #vk.2 )
  next
    case BA2_case_13
    by solve( !KU( ~k.1 ) @ #vk.2 )
  next
    case BA2_case_14
    solve( !KU( ~tb ) @ #vk.3 )
      case BA2_case_01
      by solve( !KU( ~k ) @ #vk.5 )
    next
      case BA2_case_02
      by solve( !KU( ~k ) @ #vk.5 )
    next
      case BA2_case_03
      by solve( !KU( ~k ) @ #vk.5 )
    next
      case BA2_case_04
      by solve( !KU( ~k ) @ #vk.5 )
    next
      case BA2_case_05
      by solve( !KU( ~k ) @ #vk.5 )
    next
      case BA2_case_06
      by solve( !KU( ~k ) @ #vk.5 )
    next
      case BA2_case_07
      by solve( !KU( ~k ) @ #vk.5 )
    next
      case BA2_case_08
      by solve( !KU( ~k ) @ #vk.5 )
    next
      case BA2_case_09
      by solve( !KU( ~k ) @ #vk.5 )
    next
      case BA2_case_10
      by solve( !KU( ~k ) @ #vk.5 )
    next
      case BA2_case_11
      by solve( !KU( ~k ) @ #vk.5 )
    next
      case BA2_case_12
      by solve( !KU( ~k ) @ #vk.5 )
    next
      case BA2_case_13
      by solve( !KU( ~k ) @ #vk.5 )
    next
      case BA2_case_14
      by solve( !KU( ~k ) @ #vk.5 )
    next
      case BA2_case_15
      by solve( !KU( ~k ) @ #vk.5 )
    next
      case BA2_case_16
      by solve( !KU( ~k ) @ #vk.5 )
    next
      case BA2_case_17
      by solve( !KU( ~k ) @ #vk.5 )
    next
      case BA2_case_18
      by solve( !KU( ~k ) @ #vk.5 )
    next
      case BA2_case_19
      by solve( !KU( ~k ) @ #vk.5 )
    next
      case BA2_case_20
      by solve( !KU( ~k ) @ #vk.5 )
    next
      case BA2_case_21
      by solve( !KU( ~k ) @ #vk.5 )
    next
      case BA2_case_22
      by solve( !KU( ~k ) @ #vk.5 )
    next
      case BA2_case_23
      by solve( !KU( ~k ) @ #vk.5 )
    next
      case BA2_case_24
      by solve( !KU( ~k ) @ #vk.5 )
    next
      case BA2_case_25
      by solve( !KU( ~k ) @ #vk.5 )
    next
      case BA2_case_26
      by solve( !KU( ~k ) @ #vk.5 )
    next
      case BA2_case_27
      by solve( !KU( ~k ) @ #vk.5 )
    next
      case BA2_case_28
      by solve( !KU( ~k ) @ #vk.5 )
    next
      case BA2_case_29
      by solve( !KU( ~k ) @ #vk.5 )
    qed
  next
    case BA2_case_15
    by solve( !KU( ~k.1 ) @ #vk.2 )
  next
    case BA2_case_16
    by solve( !KU( ~k.1 ) @ #vk.2 )
  next
    case BA2_case_17
    by solve( !KU( ~k.1 ) @ #vk.2 )
  next
    case BA2_case_18
    by solve( !KU( ~k.1 ) @ #vk.2 )
  next
    case BA2_case_19
    solve( !KU( ~tb ) @ #vk.2 )
      case BA2_case_01
      by solve( !KU( ~k ) @ #vk.3 )
    next
      case BA2_case_02
      by solve( !KU( ~k ) @ #vk.3 )
    next
      case BA2_case_03
      by solve( !KU( ~k ) @ #vk.3 )
    next
      case BA2_case_04
      by solve( !KU( ~k ) @ #vk.3 )
    next
      case BA2_case_05
      by solve( !KU( ~k ) @ #vk.3 )
    next
      case BA2_case_06
      by solve( !KU( ~k ) @ #vk.3 )
    next
      case BA2_case_07
      by solve( !KU( ~k ) @ #vk.3 )
    next
      case BA2_case_08
      by solve( !KU( ~k ) @ #vk.3 )
    next
      case BA2_case_09
      by solve( !KU( ~k ) @ #vk.3 )
    next
      case BA2_case_10
      by solve( !KU( ~k ) @ #vk.3 )
    next
      case BA2_case_11
      by solve( !KU( ~k ) @ #vk.3 )
    next
      case BA2_case_12
      by solve( !KU( ~k ) @ #vk.3 )
    next
      case BA2_case_13
      by solve( !KU( ~k ) @ #vk.3 )
    next
      case BA2_case_14
      by solve( !KU( ~k ) @ #vk.3 )
    next
      case BA2_case_15
      by solve( !KU( ~k ) @ #vk.3 )
    next
      case BA2_case_16
      by solve( !KU( ~k ) @ #vk.3 )
    next
      case BA2_case_17
      by solve( !KU( ~k ) @ #vk.3 )
    next
      case BA2_case_18
      by solve( !KU( ~k ) @ #vk.3 )
    next
      case BA2_case_19
      by solve( !KU( ~k ) @ #vk.3 )
    next
      case BA2_case_20
      by solve( !KU( ~k ) @ #vk.3 )
    next
      case BA2_case_21
      by solve( !KU( ~k ) @ #vk.3 )
    next
      case BA2_case_22
      by solve( !KU( ~k ) @ #vk.3 )
    next
      case BA2_case_23
      by solve( !KU( ~k ) @ #vk.3 )
    next
      case BA2_case_24
      by solve( !KU( ~k ) @ #vk.3 )
    next
      case BA2_case_25
      by solve( !KU( ~k ) @ #vk.3 )
    next
      case BA2_case_26
      by solve( !KU( ~k ) @ #vk.3 )
    next
      case BA2_case_27
      by solve( !KU( ~k ) @ #vk.3 )
    next
      case BA2_case_28
      by solve( !KU( ~k ) @ #vk.3 )
    next
      case BA2_case_29
      by solve( !KU( ~k ) @ #vk.3 )
    qed
  next
    case BA2_case_20
    by solve( !KU( ~k.1 ) @ #vk.2 )
  next
    case BA2_case_21
    solve( !KU( ~tb ) @ #vk.1 )
      case BA2_case_01
      by solve( !KU( ~k ) @ #vk.2 )
    next
      case BA2_case_02
      by solve( !KU( ~k ) @ #vk.2 )
    next
      case BA2_case_03
      by solve( !KU( ~k ) @ #vk.2 )
    next
      case BA2_case_04
      by solve( !KU( ~k ) @ #vk.2 )
    next
      case BA2_case_05
      by solve( !KU( ~k ) @ #vk.2 )
    next
      case BA2_case_06
      by solve( !KU( ~k ) @ #vk.2 )
    next
      case BA2_case_07
      by solve( !KU( ~k ) @ #vk.2 )
    next
      case BA2_case_08
      by solve( !KU( ~k ) @ #vk.2 )
    next
      case BA2_case_09
      by solve( !KU( ~k ) @ #vk.2 )
    next
      case BA2_case_10
      by solve( !KU( ~k ) @ #vk.2 )
    next
      case BA2_case_11
      by solve( !KU( ~k ) @ #vk.2 )
    next
      case BA2_case_12
      by solve( !KU( ~k ) @ #vk.2 )
    next
      case BA2_case_13
      by solve( !KU( ~k ) @ #vk.2 )
    next
      case BA2_case_14
      by solve( !KU( ~k ) @ #vk.2 )
    next
      case BA2_case_15
      by solve( !KU( ~k ) @ #vk.2 )
    next
      case BA2_case_16
      by solve( !KU( ~k ) @ #vk.2 )
    next
      case BA2_case_17
      by solve( !KU( ~k ) @ #vk.2 )
    next
      case BA2_case_18
      by solve( !KU( ~k ) @ #vk.2 )
    next
      case BA2_case_19
      by solve( !KU( ~k ) @ #vk.2 )
    next
      case BA2_case_20
      by solve( !KU( ~k ) @ #vk.2 )
    next
      case BA2_case_21
      by solve( !KU( ~k ) @ #vk.2 )
    next
      case BA2_case_22
      by solve( !KU( ~k ) @ #vk.2 )
    next
      case BA2_case_23
      by solve( !KU( ~k ) @ #vk.2 )
    next
      case BA2_case_24
      by solve( !KU( ~k ) @ #vk.2 )
    next
      case BA2_case_25
      by solve( !KU( ~k ) @ #vk.2 )
    next
      case BA2_case_26
      by solve( !KU( ~k ) @ #vk.2 )
    next
      case BA2_case_27
      by solve( !KU( ~k ) @ #vk.2 )
    next
      case BA2_case_28
      by solve( !KU( ~k ) @ #vk.2 )
    next
      case BA2_case_29
      by solve( !KU( ~k ) @ #vk.2 )
    qed
  next
    case c_enc
    by solve( !KU( ~k ) @ #vk.2 )
  qed
qed

/* All well-formedness checks were successful. */

end

==============================================================================
summary of summaries:

analyzed: ISO11770-2-5.spthy

  Test (exists-trace): falsified - no trace found (300 steps)

==============================================================================

real	0m33.368s
user	0m57.307s
sys	0m4.709s
Finished processing ISO11770-2-5.spthy
------------------------------------------------------------
============================== END ==========================
------------------------------------------------------------

Running tamarin-prover on Revised_Andrew_Burrow.spthy...
maude tool: 'maude'
 checking version: 2.7.1. OK.
 checking installation:   solved goal nr. 0 (directly): Attack_suc( ) @ #j
  solved goal nr. 0 (directly): !SharedKey( t.1, t.2, t.3 ) ▶₀ #i
  solved goal nr. 0 (directly): AB1( t.1, t.2, t.3 ) ▶₀ #i
  solved goal nr. 0 (directly): !SharedNewKey( t.1, t.2, t.3 ) ▶₀ #i
  solved goal nr. 2 (directly):
    !SharedKey( $A.5, $B.5, kab.5 ) ▶₁ #vr.4
  solved goal nr. 5 (directly):
    !SharedKey( $A.5, $B.5, kab.5 ) ▶₂ #vr.4
  solved goal nr. 0 (directly): BA2( t.1, t.2, t.3, t.4 ) ▶₀ #i
  solved goal nr. 5 (directly):
    !SharedKey( $A.6, $B.6, kab.6 ) ▶₂ #vr.5
  solved goal nr. 0 (directly): !KU( ~t.1 ) @ #i
  solved goal nr. 0 (directly): !KU( dec(t.1, t.2) ) @ #i
  solved goal nr. 0 (directly): !KU( enc(t.1, t.2) ) @ #i
  solved goal nr. 0 (directly): !KU( fst(t.1) ) @ #i
  solved goal nr. 0 (directly): !KU( prefix(t.1) ) @ #i
  solved goal nr. 4 (directly):
    !SharedKey( $A.7, $B.7, kab.7 ) ▶₁ #vr.6
  solved goal nr. 4 (directly):
    !SharedKey( $A.10, $B.10, kab.10 ) ▶₁ #vr.9
  solved goal nr. 7 (directly):
    !SharedKey( $A.10, $B.10, kab.10 ) ▶₂ #vr.9
  solved goal nr. 0 (directly): !KU( snd(t.1) ) @ #i
  solved goal nr. 7 (directly):
    !SharedKey( $A.10, $B.10, t.2 ) ▶₂ #vr.9
  solved goal nr. 7 (directly):
    !SharedKey( $A.7, $B.7, kab.7 ) ▶₂ #vr.6
  solved goal nr. 7 (directly):
    !SharedKey( $A.10, $B.10, kab.10 ) ▶₂ #vr.9
  solved goal nr. 7 (directly):
    !SharedKey( $A.10, $B.10, kab.10 ) ▶₂ #vr.9
  solved goal nr. 7 (directly):
    !SharedKey( $A.10, $B.10, kab.10 ) ▶₂ #vr.9
  solved goal nr. 7 (directly):
    !SharedKey( $A.10, $B.10, t.2 ) ▶₂ #vr.9
  solved goal nr. 4 (directly): AB1( $A.10, $B.10, na.10 ) ▶₀ #vr.9
  solved goal nr. 7 (directly):
    !SharedKey( $A.10, $B.10, kab.10 ) ▶₂ #vr.9
  solved goal nr. 4 (directly):
    AB1( $A.10, $B.10, <X.18, Y.19> ) ▶₀ #vr.9
  solved goal nr. 7 (directly):
    !SharedKey( $A.7, $B.7, kab.7 ) ▶₂ #vr.6
  solved goal nr. 4 (directly): AB1( $A.10, $B.10, t.1 ) ▶₀ #vr.9
  solved goal nr. 7 (directly):
    !SharedKey( $A.7, $B.7, kab.7 ) ▶₂ #vr.6
  solved goal nr. 6 (directly):
    !SharedKey( $A.10, $B.10, kab.18 ) ▶₂ #vr.9
  solved goal nr. 8 (directly):
    !SharedKey( $A.10, $B.10, kab.15 ) ▶₁ #vr.14
  solved goal nr. 7 (directly):
    !SharedKey( $A.7, $B.7, kab.7 ) ▶₂ #vr.6
  solved goal nr. 4 (directly): AB1( $A.7, $B.7, na.7 ) ▶₀ #vr.6
  solved goal nr. 4 (directly): AB1( $A.10, $B.10, na.10 ) ▶₀ #vr.9
  solved goal nr. 4 (directly): AB1( $A.7, $B.7, na.7 ) ▶₀ #vr.6
  solved goal nr. 4 (directly):
    AB1( $A.10, $B.10, <X.18, Y.19> ) ▶₀ #vr.9
  solved goal nr. 4 (directly):
    AB1( $A.7, $B.7, <X.15, Y.16> ) ▶₀ #vr.6
  solved goal nr. 4 (directly):
    AB1( $A.7, $B.7, <X.15, Y.16> ) ▶₀ #vr.6
  solved goal nr. 7 (directly):
    !SharedKey( $A.7, $B.7, kab.7 ) ▶₂ #vr.6
  solved goal nr. 7 (directly):
    !SharedKey( $A.7, $B.7, kab.7 ) ▶₂ #vr.6
  solved goal nr. 7 (directly):
    !SharedKey( $A.7, $B.7, kab.7 ) ▶₂ #vr.6
  solved goal nr. 7 (directly):
    !SharedKey( $A.7, $B.7, kab.7 ) ▶₂ #vr.6
  solved goal nr. 7 (directly):
    !SharedKey( $A.7, $B.7, kab.7 ) ▶₂ #vr.6
  solved goal nr. 4 (directly): AB1( $A.7, $B.7, na.7 ) ▶₀ #vr.6
  solved goal nr. 4 (directly): AB1( $A.7, $B.7, na.7 ) ▶₀ #vr.6
  solved goal nr. 6 (directly):
    !SharedKey( $A.7, $B.7, kab.17 ) ▶₂ #vr.6
  solved goal nr. 4 (directly):
    AB1( $A.7, $B.7, <X.15, Y.16> ) ▶₀ #vr.6
  solved goal nr. 12 (directly):
    !SharedKey( $A.7, $B.7, kab.15 ) ▶₁ #vr.14
  solved goal nr. 4 (directly):
    AB1( $A.7, $B.7, <X.15, Y.16> ) ▶₀ #vr.6
  solved goal nr. 4 (directly):
    BA2( $A.7, $B.7, kab1.7, na.7 ) ▶₀ #vr.6
  solved goal nr. 6 (directly):
    !SharedKey( $A.7, $B.7, kab.7 ) ▶₃ #vr.6
  solved goal nr. 11 (directly):
    !SharedKey( $A.7, $B.7, kab.12 ) ▶₂ #vr.11
saturateSources: Saturation aborted, more than 5 iterations.
  solved goal nr. 4 (precomputed): !SharedKey( $A, $B, kab1 ) ▶₂ #j
  solved goal nr. 5 (precomputed): !KU( enc(m, ~k) ) @ #vk
  solved goal nr. 8 (precomputed): !KU( ~k ) @ #vk.2
  solved goal nr. 14 (precomputed): !KU( ~kab1 ) @ #vk.5
  solved goal nr. 8 (precomputed):
    !KU( enc(<~na, ~k>, ~k.1) ) @ #vk.2
  solved goal nr. 11 (precomputed): !KU( ~k.1 ) @ #vk.4
  solved goal nr. 11 (precomputed): !KU( ~k.1 ) @ #vk.5
  solved goal nr. 11 (precomputed): !KU( ~k.1 ) @ #vk.6
  solved goal nr. 11 (precomputed): !KU( ~k.1 ) @ #vk.6
  solved goal nr. 11 (precomputed): !KU( ~k.1 ) @ #vk.6
  solved goal nr. 11 (precomputed): !KU( ~k.1 ) @ #vk.6
  solved goal nr. 9 (precomputed): !KU( ~k ) @ #vk.2
OK.

theory Revised_Andrew_Burrow begin

// Function signature and definition of the equational theory E

functions: dec/2, enc/2, fst/1, pair/2, prefix/1, snd/1
equations:
    dec(enc(M, k), k) = M,
    fst(<x.1, x.2>) = x.1,
    prefix(enc(<X, Y>, k)) = enc(X, k),
    snd(<x.1, x.2>) = x.2



rule (modulo E) setup:
   [ Fr( ~k ) ] --[ KeyGen( $A, $B ) ]-> [ !SharedKey( $A, $B, ~k ) ]

  /* has exactly the trivial AC variant */

rule (modulo E) AB1:
   [ Fr( ~na ), !SharedKey( $A, $B, kab ) ]
  -->
   [ AB1( $A, $B, ~na ), Out( <$A, ~na> ) ]

  /* has exactly the trivial AC variant */

rule (modulo E) BA2:
   [ Fr( ~kab1 ), In( <$A, na> ), !SharedKey( $A, $B, kab ) ]
  -->
   [
   BA2( $A, $B, ~kab1, na ), Out( enc(<na, ~kab1>, kab) ),
   !SharedNewKey( $A, $B, ~kab1 )
   ]

  /* has exactly the trivial AC variant */

rule (modulo E) AB3:
   [ AB1( $A, $B, na ), In( c ), !SharedKey( $A, $B, kab ) ]
  --[ Eq( fst(dec(c, kab)), na ) ]->
   [ Out( enc(na, snd(dec(c, kab))) ) ]

  /*
  rule (modulo AC) AB3:
     [ AB1( $A, $B, na ), In( c ), !SharedKey( $A, $B, kab ) ]
    --[ Eq( z.1, na ) ]->
     [ Out( enc(na, z) ) ]
    variants (modulo AC)
    1. c     = c.8
       kab   = kab.8
       z     = snd(dec(c.8, kab.8))
       z.1   = fst(dec(c.8, kab.8))
    
    2. c     = enc(x.8, x.9)
       kab   = x.9
       z     = snd(x.8)
       z.1   = fst(x.8)
    
    3. c     = enc(<x.8, x.9>, x.10)
       kab   = x.10
       z     = x.9
       z.1   = x.8
  */

rule (modulo E) BA4:
   [ BA2( $A, $B, kab1, na ), In( c ), Fr( ~nb1 ), !SharedKey( $A, $B, kab )
   ]
  --[ Eq( dec(c, kab1), na ) ]->
   [ Out( ~nb1 ) ]

  /*
  rule (modulo AC) BA4:
     [ BA2( $A, $B, kab1, na ), In( c ), Fr( ~nb1 ), !SharedKey( $A, $B, kab )
     ]
    --[ Eq( z, na ) ]->
     [ Out( ~nb1 ) ]
    variants (modulo AC)
    1. c     = c.9
       kab1  = kab1.9
       z     = dec(c.9, kab1.9)
    
    2. c     = enc(x.9, x.10)
       kab1  = x.10
       z     = x.9
  */

rule (modulo E) Attack_test:
   [ In( c ), In( m ), !SharedKey( $A, $B, kab1 ) ]
  --[ Eq( c, enc(m, kab1) ), Attack_suc( ) ]->
   [ ]

  /* has exactly the trivial AC variant */

restriction Verif:
  "∀ x y #i. (Eq( x, y ) @ #i) ⇒ (x = y)"
  // safety formula

lemma Test:
  exists-trace "∃ #j. Attack_suc( ) @ #j"
/*
guarded formula characterizing all satisfying traces:
"∃ #j. (Attack_suc( ) @ #j)"
*/
simplify
solve( !SharedKey( $A, $B, kab1 ) ▶₂ #j )
  case setup
  solve( !KU( enc(m, ~k) ) @ #vk )
    case BA2_case_09
    SOLVED // trace found
  qed
qed

/* All well-formedness checks were successful. */

end

==============================================================================
summary of summaries:

analyzed: Revised_Andrew_Burrow.spthy

  Test (exists-trace): verified (4 steps)

==============================================================================

real	0m1.141s
user	0m1.625s
sys	0m0.188s
Finished processing Revised_Andrew_Burrow.spthy
------------------------------------------------------------
============================== END ==========================
------------------------------------------------------------

Running tamarin-prover on RPC.spthy...
Timeout occurred for RPC.spthy. Re-running with --auto-source...
